nohup: ignoring input
/home/csh/miniconda3/envs/siteng/lib/python3.8/site-packages/torch/nn/_reduction.py:42: UserWarning: size_average and reduce args will be deprecated, please use reduction='none' instead.
  warnings.warn(warning.format(ret))
/home/csh/miniconda3/envs/siteng/lib/python3.8/site-packages/torch/nn/functional.py:1944: UserWarning: nn.functional.sigmoid is deprecated. Use torch.sigmoid instead.
  warnings.warn("nn.functional.sigmoid is deprecated. Use torch.sigmoid instead.")
Epoch: [0]  [   0/3615]  eta: 7:49:55  lr: 0.000100  loss: 5.0437 (5.0437)  time: 7.7996  data: 6.8094  max mem: 20118
Epoch: [0]  [ 100/3615]  eta: 0:29:24  lr: 0.000100  loss: 4.5906 (4.7476)  time: 0.4206  data: 0.0002  max mem: 20652
Epoch: [0]  [ 200/3615]  eta: 0:26:16  lr: 0.000100  loss: 4.5217 (4.6351)  time: 0.4169  data: 0.0002  max mem: 20652
Epoch: [0]  [ 300/3615]  eta: 0:24:46  lr: 0.000100  loss: 4.3847 (4.5523)  time: 0.4216  data: 0.0002  max mem: 20652
Epoch: [0]  [ 400/3615]  eta: 0:23:44  lr: 0.000100  loss: 4.2153 (4.4853)  time: 0.4285  data: 0.0002  max mem: 20652
Epoch: [0]  [ 500/3615]  eta: 0:22:54  lr: 0.000100  loss: 3.8351 (4.4104)  time: 0.4248  data: 0.0002  max mem: 20652
Epoch: [0]  [ 600/3615]  eta: 0:22:07  lr: 0.000100  loss: 3.5208 (4.3538)  time: 0.4252  data: 0.0003  max mem: 20652
Epoch: [0]  [ 700/3615]  eta: 0:21:24  lr: 0.000100  loss: 3.4927 (4.2900)  time: 0.4479  data: 0.0002  max mem: 20652
Epoch: [0]  [ 800/3615]  eta: 0:20:38  lr: 0.000099  loss: 3.7214 (4.2439)  time: 0.4585  data: 0.0008  max mem: 20652
Epoch: [0]  [ 900/3615]  eta: 0:19:50  lr: 0.000099  loss: 3.7926 (4.1995)  time: 0.4245  data: 0.0002  max mem: 20652
Epoch: [0]  [1000/3615]  eta: 0:19:05  lr: 0.000099  loss: 3.7340 (4.1553)  time: 0.4274  data: 0.0002  max mem: 20652
Epoch: [0]  [1100/3615]  eta: 0:18:21  lr: 0.000099  loss: 3.4174 (4.1152)  time: 0.4397  data: 0.0002  max mem: 20652
Epoch: [0]  [1200/3615]  eta: 0:17:37  lr: 0.000099  loss: 3.9490 (4.0775)  time: 0.4223  data: 0.0003  max mem: 20652
Epoch: [0]  [1300/3615]  eta: 0:16:52  lr: 0.000099  loss: 3.6288 (4.0390)  time: 0.4276  data: 0.0002  max mem: 20652
Epoch: [0]  [1400/3615]  eta: 0:16:09  lr: 0.000099  loss: 3.4665 (4.0008)  time: 0.4367  data: 0.0002  max mem: 20652
Epoch: [0]  [1500/3615]  eta: 0:15:25  lr: 0.000099  loss: 2.8202 (3.9634)  time: 0.4335  data: 0.0002  max mem: 20652
Epoch: [0]  [1600/3615]  eta: 0:14:41  lr: 0.000099  loss: 3.5641 (3.9279)  time: 0.4289  data: 0.0002  max mem: 20652
Epoch: [0]  [1700/3615]  eta: 0:13:57  lr: 0.000099  loss: 3.6891 (3.8988)  time: 0.4275  data: 0.0002  max mem: 20652
Epoch: [0]  [1800/3615]  eta: 0:13:13  lr: 0.000099  loss: 3.5616 (3.8680)  time: 0.4282  data: 0.0002  max mem: 20652
Epoch: [0]  [1900/3615]  eta: 0:12:29  lr: 0.000099  loss: 3.1713 (3.8395)  time: 0.4241  data: 0.0002  max mem: 20652
Epoch: [0]  [2000/3615]  eta: 0:11:46  lr: 0.000099  loss: 3.4009 (3.8100)  time: 0.4393  data: 0.0002  max mem: 20652
Epoch: [0]  [2100/3615]  eta: 0:11:01  lr: 0.000099  loss: 2.7445 (3.7873)  time: 0.4258  data: 0.0002  max mem: 20652
Epoch: [0]  [2200/3615]  eta: 0:10:18  lr: 0.000098  loss: 3.5064 (3.7626)  time: 0.4513  data: 0.0002  max mem: 20652
Epoch: [0]  [2300/3615]  eta: 0:09:34  lr: 0.000098  loss: 3.1059 (3.7393)  time: 0.4456  data: 0.0002  max mem: 20652
Epoch: [0]  [2400/3615]  eta: 0:08:50  lr: 0.000098  loss: 2.9201 (3.7182)  time: 0.4348  data: 0.0007  max mem: 20652
Epoch: [0]  [2500/3615]  eta: 0:08:07  lr: 0.000098  loss: 3.2095 (3.6968)  time: 0.4288  data: 0.0002  max mem: 20652
Epoch: [0]  [2600/3615]  eta: 0:07:23  lr: 0.000098  loss: 3.1173 (3.6764)  time: 0.4415  data: 0.0002  max mem: 20652
Epoch: [0]  [2700/3615]  eta: 0:06:39  lr: 0.000098  loss: 2.8046 (3.6578)  time: 0.4309  data: 0.0002  max mem: 20652
Epoch: [0]  [2800/3615]  eta: 0:05:55  lr: 0.000098  loss: 2.8563 (3.6399)  time: 0.4286  data: 0.0002  max mem: 20652
Epoch: [0]  [2900/3615]  eta: 0:05:12  lr: 0.000098  loss: 2.9706 (3.6225)  time: 0.4278  data: 0.0002  max mem: 20652
Epoch: [0]  [3000/3615]  eta: 0:04:28  lr: 0.000098  loss: 3.2010 (3.6047)  time: 0.4346  data: 0.0002  max mem: 20652
Epoch: [0]  [3100/3615]  eta: 0:03:44  lr: 0.000098  loss: 3.2114 (3.5903)  time: 0.4534  data: 0.0003  max mem: 20652
Epoch: [0]  [3200/3615]  eta: 0:03:01  lr: 0.000098  loss: 3.3528 (3.5722)  time: 0.4237  data: 0.0003  max mem: 20652
Epoch: [0]  [3300/3615]  eta: 0:02:17  lr: 0.000098  loss: 3.2379 (3.5580)  time: 0.4317  data: 0.0002  max mem: 20652
Epoch: [0]  [3400/3615]  eta: 0:01:33  lr: 0.000098  loss: 2.6642 (3.5442)  time: 0.4318  data: 0.0002  max mem: 20652
Epoch: [0]  [3500/3615]  eta: 0:00:50  lr: 0.000098  loss: 2.7498 (3.5302)  time: 0.4321  data: 0.0002  max mem: 20652
Epoch: [0]  [3600/3615]  eta: 0:00:06  lr: 0.000097  loss: 3.3247 (3.5147)  time: 0.4187  data: 0.0005  max mem: 20652
Epoch: [0] Total time: 0:26:17
0.5605442952833842
Test:  [   0/7237]  eta: 4:10:54    time: 2.0801  data: 1.9937  max mem: 20652
Test:  [1000/7237]  eta: 0:07:10    time: 0.0688  data: 0.0002  max mem: 20652
Test:  [2000/7237]  eta: 0:05:59    time: 0.0687  data: 0.0002  max mem: 20652
Test:  [3000/7237]  eta: 0:04:47    time: 0.0646  data: 0.0001  max mem: 20652
Test:  [4000/7237]  eta: 0:03:38    time: 0.0653  data: 0.0001  max mem: 20652
Test:  [5000/7237]  eta: 0:02:31    time: 0.0643  data: 0.0001  max mem: 20652
Test:  [6000/7237]  eta: 0:01:23    time: 0.0666  data: 0.0002  max mem: 20652
Test:  [7000/7237]  eta: 0:00:15    time: 0.0657  data: 0.0002  max mem: 20652
Test: Total time: 0:08:05
f1: 0.69108
Epoch: [1]  [   0/3615]  eta: 5:17:21  lr: 0.000097  loss: 2.6313 (2.6313)  time: 5.2674  data: 4.7790  max mem: 20652
Epoch: [1]  [ 100/3615]  eta: 0:27:09  lr: 0.000097  loss: 2.5392 (2.9428)  time: 0.4130  data: 0.0002  max mem: 20652
Epoch: [1]  [ 200/3615]  eta: 0:24:55  lr: 0.000097  loss: 3.0689 (2.9385)  time: 0.4122  data: 0.0002  max mem: 20652
Epoch: [1]  [ 300/3615]  eta: 0:23:48  lr: 0.000097  loss: 3.1689 (2.9174)  time: 0.4139  data: 0.0002  max mem: 20652
Epoch: [1]  [ 400/3615]  eta: 0:22:59  lr: 0.000097  loss: 2.7456 (2.9286)  time: 0.4440  data: 0.0002  max mem: 20652
Epoch: [1]  [ 500/3615]  eta: 0:22:16  lr: 0.000097  loss: 3.2871 (2.9363)  time: 0.4368  data: 0.0002  max mem: 20652
Epoch: [1]  [ 600/3615]  eta: 0:21:35  lr: 0.000097  loss: 2.3713 (2.9221)  time: 0.4378  data: 0.0002  max mem: 20652
Epoch: [1]  [ 700/3615]  eta: 0:20:52  lr: 0.000097  loss: 3.3125 (2.9315)  time: 0.4259  data: 0.0002  max mem: 20652
Epoch: [1]  [ 800/3615]  eta: 0:20:08  lr: 0.000097  loss: 3.5941 (2.9351)  time: 0.4246  data: 0.0002  max mem: 20652
Epoch: [1]  [ 900/3615]  eta: 0:19:24  lr: 0.000097  loss: 3.4196 (2.9343)  time: 0.4255  data: 0.0002  max mem: 20652
Epoch: [1]  [1000/3615]  eta: 0:18:43  lr: 0.000097  loss: 3.3486 (2.9322)  time: 0.4377  data: 0.0002  max mem: 20652
Epoch: [1]  [1100/3615]  eta: 0:18:01  lr: 0.000097  loss: 2.6625 (2.9286)  time: 0.4208  data: 0.0002  max mem: 20652
Epoch: [1]  [1200/3615]  eta: 0:17:18  lr: 0.000097  loss: 3.0714 (2.9275)  time: 0.4346  data: 0.0002  max mem: 20652
Epoch: [1]  [1300/3615]  eta: 0:16:34  lr: 0.000096  loss: 2.3615 (2.9231)  time: 0.4221  data: 0.0002  max mem: 20652
Epoch: [1]  [1400/3615]  eta: 0:15:52  lr: 0.000096  loss: 3.1356 (2.9179)  time: 0.4351  data: 0.0002  max mem: 20652
Epoch: [1]  [1500/3615]  eta: 0:15:08  lr: 0.000096  loss: 2.8210 (2.9132)  time: 0.4265  data: 0.0002  max mem: 20652
Epoch: [1]  [1600/3615]  eta: 0:14:25  lr: 0.000096  loss: 2.5551 (2.9091)  time: 0.4474  data: 0.0002  max mem: 20652
Epoch: [1]  [1700/3615]  eta: 0:13:42  lr: 0.000096  loss: 2.9879 (2.9032)  time: 0.4234  data: 0.0002  max mem: 20652
Epoch: [1]  [1800/3615]  eta: 0:12:59  lr: 0.000096  loss: 2.6488 (2.8995)  time: 0.4395  data: 0.0002  max mem: 20652
Epoch: [1]  [1900/3615]  eta: 0:12:15  lr: 0.000096  loss: 2.4397 (2.8962)  time: 0.4204  data: 0.0003  max mem: 20652
Epoch: [1]  [2000/3615]  eta: 0:11:33  lr: 0.000096  loss: 2.7985 (2.8940)  time: 0.4398  data: 0.0002  max mem: 20652
Epoch: [1]  [2100/3615]  eta: 0:10:50  lr: 0.000096  loss: 2.5653 (2.8926)  time: 0.4455  data: 0.0002  max mem: 20652
Epoch: [1]  [2200/3615]  eta: 0:10:07  lr: 0.000096  loss: 2.7891 (2.8897)  time: 0.4301  data: 0.0003  max mem: 20652
Epoch: [1]  [2300/3615]  eta: 0:09:24  lr: 0.000096  loss: 2.9610 (2.8843)  time: 0.4433  data: 0.0002  max mem: 20652
Epoch: [1]  [2400/3615]  eta: 0:08:41  lr: 0.000096  loss: 2.5937 (2.8836)  time: 0.4228  data: 0.0002  max mem: 20652
Epoch: [1]  [2500/3615]  eta: 0:07:58  lr: 0.000096  loss: 3.0349 (2.8799)  time: 0.4400  data: 0.0002  max mem: 20652
Epoch: [1]  [2600/3615]  eta: 0:07:15  lr: 0.000096  loss: 3.0327 (2.8773)  time: 0.4279  data: 0.0002  max mem: 20652
Epoch: [1]  [2700/3615]  eta: 0:06:32  lr: 0.000095  loss: 2.8560 (2.8739)  time: 0.4213  data: 0.0002  max mem: 20652
Epoch: [1]  [2800/3615]  eta: 0:05:49  lr: 0.000095  loss: 3.1469 (2.8719)  time: 0.4198  data: 0.0002  max mem: 20652
Epoch: [1]  [2900/3615]  eta: 0:05:06  lr: 0.000095  loss: 2.7891 (2.8704)  time: 0.4271  data: 0.0002  max mem: 20652
Epoch: [1]  [3000/3615]  eta: 0:04:23  lr: 0.000095  loss: 2.6347 (2.8663)  time: 0.4252  data: 0.0002  max mem: 20652
Epoch: [1]  [3100/3615]  eta: 0:03:40  lr: 0.000095  loss: 3.1801 (2.8621)  time: 0.4199  data: 0.0002  max mem: 20652
Epoch: [1]  [3200/3615]  eta: 0:02:57  lr: 0.000095  loss: 2.7681 (2.8604)  time: 0.4328  data: 0.0002  max mem: 20652
Epoch: [1]  [3300/3615]  eta: 0:02:14  lr: 0.000095  loss: 2.5873 (2.8572)  time: 0.4277  data: 0.0002  max mem: 20652
Epoch: [1]  [3400/3615]  eta: 0:01:32  lr: 0.000095  loss: 2.0298 (2.8541)  time: 0.4400  data: 0.0003  max mem: 20652
Epoch: [1]  [3500/3615]  eta: 0:00:49  lr: 0.000095  loss: 2.8030 (2.8532)  time: 0.4218  data: 0.0002  max mem: 20652
Epoch: [1]  [3600/3615]  eta: 0:00:06  lr: 0.000095  loss: 3.0224 (2.8492)  time: 0.4206  data: 0.0003  max mem: 20652
Epoch: [1] Total time: 0:25:47
0.7012400822982019
Epoch: [2]  [   0/3615]  eta: 4:45:25  lr: 0.000095  loss: 2.7365 (2.7365)  time: 4.7372  data: 4.1880  max mem: 20652
Epoch: [2]  [ 100/3615]  eta: 0:28:43  lr: 0.000095  loss: 2.4852 (2.6674)  time: 0.4316  data: 0.0003  max mem: 20652
Epoch: [2]  [ 200/3615]  eta: 0:26:14  lr: 0.000095  loss: 3.0368 (2.6596)  time: 0.4238  data: 0.0003  max mem: 20652
Epoch: [2]  [ 300/3615]  eta: 0:24:57  lr: 0.000095  loss: 3.1434 (2.6744)  time: 0.4388  data: 0.0003  max mem: 20652
Epoch: [2]  [ 400/3615]  eta: 0:24:00  lr: 0.000095  loss: 2.5153 (2.6839)  time: 0.4372  data: 0.0003  max mem: 20652
Epoch: [2]  [ 500/3615]  eta: 0:23:03  lr: 0.000094  loss: 2.5379 (2.6891)  time: 0.4282  data: 0.0002  max mem: 20652
Epoch: [2]  [ 600/3615]  eta: 0:22:12  lr: 0.000094  loss: 3.0527 (2.6890)  time: 0.4363  data: 0.0003  max mem: 20652
Epoch: [2]  [ 700/3615]  eta: 0:21:23  lr: 0.000094  loss: 2.7778 (2.6887)  time: 0.4251  data: 0.0002  max mem: 20652
Epoch: [2]  [ 800/3615]  eta: 0:20:36  lr: 0.000094  loss: 3.0065 (2.6889)  time: 0.4266  data: 0.0002  max mem: 20652
Epoch: [2]  [ 900/3615]  eta: 0:19:52  lr: 0.000094  loss: 2.4215 (2.6812)  time: 0.4453  data: 0.0003  max mem: 20652
Epoch: [2]  [1000/3615]  eta: 0:19:06  lr: 0.000094  loss: 2.8582 (2.6779)  time: 0.4301  data: 0.0003  max mem: 20652
Epoch: [2]  [1100/3615]  eta: 0:18:20  lr: 0.000094  loss: 3.1034 (2.6726)  time: 0.4219  data: 0.0003  max mem: 20652
Epoch: [2]  [1200/3615]  eta: 0:17:35  lr: 0.000094  loss: 2.7134 (2.6825)  time: 0.4388  data: 0.0003  max mem: 20652
Epoch: [2]  [1300/3615]  eta: 0:16:50  lr: 0.000094  loss: 2.4306 (2.6812)  time: 0.4226  data: 0.0004  max mem: 20652
Epoch: [2]  [1400/3615]  eta: 0:16:05  lr: 0.000094  loss: 2.9374 (2.6797)  time: 0.4298  data: 0.0003  max mem: 20652
Epoch: [2]  [1500/3615]  eta: 0:15:21  lr: 0.000094  loss: 3.0003 (2.6806)  time: 0.4398  data: 0.0003  max mem: 20652
Epoch: [2]  [1600/3615]  eta: 0:14:37  lr: 0.000094  loss: 2.9491 (2.6796)  time: 0.4364  data: 0.0002  max mem: 20652
Epoch: [2]  [1700/3615]  eta: 0:13:53  lr: 0.000094  loss: 2.2158 (2.6779)  time: 0.4239  data: 0.0002  max mem: 20652
Epoch: [2]  [1800/3615]  eta: 0:13:09  lr: 0.000094  loss: 2.3091 (2.6764)  time: 0.4250  data: 0.0002  max mem: 20652
Epoch: [2]  [1900/3615]  eta: 0:12:25  lr: 0.000093  loss: 2.7235 (2.6739)  time: 0.4227  data: 0.0003  max mem: 20652
Epoch: [2]  [2000/3615]  eta: 0:11:41  lr: 0.000093  loss: 2.6899 (2.6738)  time: 0.4260  data: 0.0003  max mem: 20652
Epoch: [2]  [2100/3615]  eta: 0:10:58  lr: 0.000093  loss: 2.8252 (2.6723)  time: 0.4265  data: 0.0002  max mem: 20652
Epoch: [2]  [2200/3615]  eta: 0:10:14  lr: 0.000093  loss: 2.7791 (2.6709)  time: 0.4259  data: 0.0003  max mem: 20652
Epoch: [2]  [2300/3615]  eta: 0:09:30  lr: 0.000093  loss: 3.6016 (2.6696)  time: 0.4207  data: 0.0002  max mem: 20652
Epoch: [2]  [2400/3615]  eta: 0:08:46  lr: 0.000093  loss: 2.7099 (2.6693)  time: 0.4269  data: 0.0003  max mem: 20652
Epoch: [2]  [2500/3615]  eta: 0:08:03  lr: 0.000093  loss: 2.6752 (2.6665)  time: 0.4243  data: 0.0002  max mem: 20652
Epoch: [2]  [2600/3615]  eta: 0:07:19  lr: 0.000093  loss: 2.4963 (2.6649)  time: 0.4358  data: 0.0003  max mem: 20652
Epoch: [2]  [2700/3615]  eta: 0:06:36  lr: 0.000093  loss: 2.8740 (2.6650)  time: 0.4262  data: 0.0003  max mem: 20652
Epoch: [2]  [2800/3615]  eta: 0:05:53  lr: 0.000093  loss: 2.6211 (2.6624)  time: 0.4307  data: 0.0003  max mem: 20652
Epoch: [2]  [2900/3615]  eta: 0:05:09  lr: 0.000093  loss: 2.8033 (2.6611)  time: 0.4304  data: 0.0002  max mem: 20652
Epoch: [2]  [3000/3615]  eta: 0:04:26  lr: 0.000093  loss: 2.7982 (2.6598)  time: 0.4237  data: 0.0003  max mem: 20652
Epoch: [2]  [3100/3615]  eta: 0:03:43  lr: 0.000093  loss: 2.5561 (2.6597)  time: 0.4365  data: 0.0009  max mem: 20652
Epoch: [2]  [3200/3615]  eta: 0:02:59  lr: 0.000093  loss: 2.5843 (2.6602)  time: 0.4289  data: 0.0002  max mem: 20652
Epoch: [2]  [3300/3615]  eta: 0:02:16  lr: 0.000092  loss: 2.4671 (2.6598)  time: 0.4511  data: 0.0003  max mem: 20652
Epoch: [2]  [3400/3615]  eta: 0:01:33  lr: 0.000092  loss: 2.5599 (2.6606)  time: 0.4410  data: 0.0003  max mem: 20652
Epoch: [2]  [3500/3615]  eta: 0:00:49  lr: 0.000092  loss: 3.5932 (2.6598)  time: 0.4306  data: 0.0003  max mem: 20652
Epoch: [2]  [3600/3615]  eta: 0:00:06  lr: 0.000092  loss: 2.7601 (2.6576)  time: 0.4134  data: 0.0004  max mem: 20652
Epoch: [2] Total time: 0:26:04
0.7456228956325364
Epoch: [3]  [   0/3615]  eta: 4:32:13  lr: 0.000092  loss: 2.6120 (2.6120)  time: 4.5182  data: 4.0571  max mem: 20652
Epoch: [3]  [ 100/3615]  eta: 0:29:37  lr: 0.000092  loss: 2.5092 (2.5657)  time: 0.4204  data: 0.0002  max mem: 20652
Epoch: [3]  [ 200/3615]  eta: 0:26:32  lr: 0.000092  loss: 2.6187 (2.5549)  time: 0.4393  data: 0.0002  max mem: 20652
Epoch: [3]  [ 300/3615]  eta: 0:25:04  lr: 0.000092  loss: 2.5844 (2.5536)  time: 0.4274  data: 0.0004  max mem: 20652
Epoch: [3]  [ 400/3615]  eta: 0:23:59  lr: 0.000092  loss: 2.4372 (2.5500)  time: 0.4168  data: 0.0002  max mem: 20652
Epoch: [3]  [ 500/3615]  eta: 0:23:04  lr: 0.000092  loss: 2.4615 (2.5416)  time: 0.4274  data: 0.0002  max mem: 20652
Epoch: [3]  [ 600/3615]  eta: 0:22:15  lr: 0.000092  loss: 2.5281 (2.5436)  time: 0.4434  data: 0.0002  max mem: 20652
Epoch: [3]  [ 700/3615]  eta: 0:21:26  lr: 0.000092  loss: 2.7414 (2.5394)  time: 0.4269  data: 0.0002  max mem: 20652
Epoch: [3]  [ 800/3615]  eta: 0:20:36  lr: 0.000092  loss: 2.7795 (2.5471)  time: 0.4204  data: 0.0002  max mem: 20652
Epoch: [3]  [ 900/3615]  eta: 0:19:49  lr: 0.000092  loss: 2.0937 (2.5462)  time: 0.4205  data: 0.0002  max mem: 20652
Epoch: [3]  [1000/3615]  eta: 0:19:04  lr: 0.000092  loss: 2.5933 (2.5451)  time: 0.4387  data: 0.0003  max mem: 20652
Epoch: [3]  [1100/3615]  eta: 0:18:18  lr: 0.000091  loss: 2.1745 (2.5465)  time: 0.4268  data: 0.0002  max mem: 20652
Epoch: [3]  [1200/3615]  eta: 0:17:32  lr: 0.000091  loss: 2.0347 (2.5422)  time: 0.4180  data: 0.0003  max mem: 20652
Epoch: [3]  [1300/3615]  eta: 0:16:46  lr: 0.000091  loss: 2.5859 (2.5393)  time: 0.4305  data: 0.0002  max mem: 20652
Epoch: [3]  [1400/3615]  eta: 0:16:03  lr: 0.000091  loss: 2.6302 (2.5497)  time: 0.4273  data: 0.0002  max mem: 20652
Epoch: [3]  [1500/3615]  eta: 0:15:18  lr: 0.000091  loss: 2.1786 (2.5498)  time: 0.4221  data: 0.0003  max mem: 20652
Epoch: [3]  [1600/3615]  eta: 0:14:33  lr: 0.000091  loss: 2.8103 (2.5535)  time: 0.4299  data: 0.0002  max mem: 20652
Epoch: [3]  [1700/3615]  eta: 0:13:50  lr: 0.000091  loss: 2.4390 (2.5499)  time: 0.4223  data: 0.0002  max mem: 20652
Epoch: [3]  [1800/3615]  eta: 0:13:06  lr: 0.000091  loss: 2.6419 (2.5497)  time: 0.4255  data: 0.0003  max mem: 20652
Epoch: [3]  [1900/3615]  eta: 0:12:22  lr: 0.000091  loss: 3.3009 (2.5523)  time: 0.4215  data: 0.0002  max mem: 20652
Epoch: [3]  [2000/3615]  eta: 0:11:38  lr: 0.000091  loss: 2.5388 (2.5525)  time: 0.4224  data: 0.0002  max mem: 20652
Epoch: [3]  [2100/3615]  eta: 0:10:55  lr: 0.000091  loss: 2.3336 (2.5524)  time: 0.4407  data: 0.0002  max mem: 20652
Epoch: [3]  [2200/3615]  eta: 0:10:11  lr: 0.000091  loss: 2.2576 (2.5508)  time: 0.4263  data: 0.0003  max mem: 20652
Epoch: [3]  [2300/3615]  eta: 0:09:28  lr: 0.000091  loss: 2.7213 (2.5547)  time: 0.4397  data: 0.0003  max mem: 20652
Epoch: [3]  [2400/3615]  eta: 0:08:44  lr: 0.000091  loss: 2.4015 (2.5514)  time: 0.4221  data: 0.0002  max mem: 20652
Epoch: [3]  [2500/3615]  eta: 0:08:01  lr: 0.000090  loss: 2.3435 (2.5503)  time: 0.4307  data: 0.0002  max mem: 20652
Epoch: [3]  [2600/3615]  eta: 0:07:18  lr: 0.000090  loss: 2.5199 (2.5494)  time: 0.4666  data: 0.0002  max mem: 20652
Epoch: [3]  [2700/3615]  eta: 0:06:35  lr: 0.000090  loss: 2.8001 (2.5506)  time: 0.4552  data: 0.0003  max mem: 20652
Epoch: [3]  [2800/3615]  eta: 0:05:52  lr: 0.000090  loss: 2.2543 (2.5492)  time: 0.4373  data: 0.0003  max mem: 20652
Epoch: [3]  [2900/3615]  eta: 0:05:09  lr: 0.000090  loss: 2.4030 (2.5500)  time: 0.4430  data: 0.0002  max mem: 20652
Epoch: [3]  [3000/3615]  eta: 0:04:25  lr: 0.000090  loss: 2.6128 (2.5508)  time: 0.4162  data: 0.0002  max mem: 20652
Epoch: [3]  [3100/3615]  eta: 0:03:42  lr: 0.000090  loss: 2.4192 (2.5494)  time: 0.4480  data: 0.0002  max mem: 20652
Epoch: [3]  [3200/3615]  eta: 0:02:59  lr: 0.000090  loss: 2.5873 (2.5480)  time: 0.4230  data: 0.0003  max mem: 20652
Epoch: [3]  [3300/3615]  eta: 0:02:16  lr: 0.000090  loss: 2.8756 (2.5472)  time: 0.4212  data: 0.0002  max mem: 20652
Epoch: [3]  [3400/3615]  eta: 0:01:33  lr: 0.000090  loss: 2.2359 (2.5467)  time: 0.4274  data: 0.0002  max mem: 20652
Epoch: [3]  [3500/3615]  eta: 0:00:49  lr: 0.000090  loss: 2.3345 (2.5472)  time: 0.4263  data: 0.0003  max mem: 20652
Epoch: [3]  [3600/3615]  eta: 0:00:06  lr: 0.000090  loss: 2.4861 (2.5477)  time: 0.4294  data: 0.0004  max mem: 20652
Epoch: [3] Total time: 0:26:03
0.7702691825755936
Epoch: [4]  [   0/3615]  eta: 5:21:06  lr: 0.000090  loss: 2.2014 (2.2014)  time: 5.3296  data: 4.8524  max mem: 20652
Epoch: [4]  [ 100/3615]  eta: 0:28:31  lr: 0.000090  loss: 2.5264 (2.4143)  time: 0.4379  data: 0.0002  max mem: 20652
Epoch: [4]  [ 200/3615]  eta: 0:26:04  lr: 0.000090  loss: 2.4862 (2.4247)  time: 0.4383  data: 0.0002  max mem: 20652
Epoch: [4]  [ 300/3615]  eta: 0:24:43  lr: 0.000089  loss: 2.7447 (2.4425)  time: 0.4217  data: 0.0002  max mem: 20652
Epoch: [4]  [ 400/3615]  eta: 0:23:41  lr: 0.000089  loss: 2.0677 (2.4358)  time: 0.4242  data: 0.0002  max mem: 20652
Epoch: [4]  [ 500/3615]  eta: 0:22:52  lr: 0.000089  loss: 2.3879 (2.4383)  time: 0.4379  data: 0.0002  max mem: 20652
Epoch: [4]  [ 600/3615]  eta: 0:22:06  lr: 0.000089  loss: 2.4702 (2.4442)  time: 0.4343  data: 0.0003  max mem: 20652
Epoch: [4]  [ 700/3615]  eta: 0:21:17  lr: 0.000089  loss: 2.3979 (2.4467)  time: 0.4348  data: 0.0002  max mem: 20652
Epoch: [4]  [ 800/3615]  eta: 0:20:29  lr: 0.000089  loss: 2.0002 (2.4510)  time: 0.4182  data: 0.0003  max mem: 20652
Epoch: [4]  [ 900/3615]  eta: 0:19:43  lr: 0.000089  loss: 2.1288 (2.4553)  time: 0.4257  data: 0.0002  max mem: 20652
Epoch: [4]  [1000/3615]  eta: 0:18:58  lr: 0.000089  loss: 2.2759 (2.4589)  time: 0.4431  data: 0.0002  max mem: 20652
Epoch: [4]  [1100/3615]  eta: 0:18:13  lr: 0.000089  loss: 2.6066 (2.4664)  time: 0.4240  data: 0.0003  max mem: 20652
Epoch: [4]  [1200/3615]  eta: 0:17:28  lr: 0.000089  loss: 2.3757 (2.4668)  time: 0.4228  data: 0.0002  max mem: 20652
Epoch: [4]  [1300/3615]  eta: 0:16:44  lr: 0.000089  loss: 2.5452 (2.4619)  time: 0.4271  data: 0.0002  max mem: 20652
Epoch: [4]  [1400/3615]  eta: 0:15:59  lr: 0.000089  loss: 2.4561 (2.4598)  time: 0.4183  data: 0.0002  max mem: 20652
Epoch: [4]  [1500/3615]  eta: 0:15:16  lr: 0.000089  loss: 2.4577 (2.4583)  time: 0.4296  data: 0.0002  max mem: 20652
Epoch: [4]  [1600/3615]  eta: 0:14:32  lr: 0.000088  loss: 2.7009 (2.4616)  time: 0.4312  data: 0.0003  max mem: 20652
Epoch: [4]  [1700/3615]  eta: 0:13:48  lr: 0.000088  loss: 2.6308 (2.4598)  time: 0.4261  data: 0.0002  max mem: 20652
Epoch: [4]  [1800/3615]  eta: 0:13:04  lr: 0.000088  loss: 2.5062 (2.4609)  time: 0.4276  data: 0.0002  max mem: 20652
Epoch: [4]  [1900/3615]  eta: 0:12:21  lr: 0.000088  loss: 2.5040 (2.4630)  time: 0.4215  data: 0.0003  max mem: 20652
Epoch: [4]  [2000/3615]  eta: 0:11:37  lr: 0.000088  loss: 2.2673 (2.4616)  time: 0.4278  data: 0.0003  max mem: 20652
Epoch: [4]  [2100/3615]  eta: 0:10:53  lr: 0.000088  loss: 3.0264 (2.4599)  time: 0.4215  data: 0.0002  max mem: 20652
Epoch: [4]  [2200/3615]  eta: 0:10:10  lr: 0.000088  loss: 2.9688 (2.4598)  time: 0.4216  data: 0.0002  max mem: 20652
Epoch: [4]  [2300/3615]  eta: 0:09:27  lr: 0.000088  loss: 2.8604 (2.4574)  time: 0.4206  data: 0.0003  max mem: 20652
Epoch: [4]  [2400/3615]  eta: 0:08:43  lr: 0.000088  loss: 2.5139 (2.4564)  time: 0.4409  data: 0.0002  max mem: 20652
Epoch: [4]  [2500/3615]  eta: 0:08:00  lr: 0.000088  loss: 2.4564 (2.4573)  time: 0.4405  data: 0.0002  max mem: 20652
Epoch: [4]  [2600/3615]  eta: 0:07:17  lr: 0.000088  loss: 2.9272 (2.4572)  time: 0.4305  data: 0.0002  max mem: 20652
Epoch: [4]  [2700/3615]  eta: 0:06:34  lr: 0.000088  loss: 2.4657 (2.4583)  time: 0.4282  data: 0.0003  max mem: 20652
Epoch: [4]  [2800/3615]  eta: 0:05:50  lr: 0.000088  loss: 2.3713 (2.4583)  time: 0.4220  data: 0.0004  max mem: 20652
Epoch: [4]  [2900/3615]  eta: 0:05:07  lr: 0.000088  loss: 2.7486 (2.4572)  time: 0.4238  data: 0.0003  max mem: 20652
Epoch: [4]  [3000/3615]  eta: 0:04:24  lr: 0.000087  loss: 2.6722 (2.4575)  time: 0.4523  data: 0.0002  max mem: 20652
Epoch: [4]  [3100/3615]  eta: 0:03:41  lr: 0.000087  loss: 2.7653 (2.4574)  time: 0.4278  data: 0.0002  max mem: 20652
Epoch: [4]  [3200/3615]  eta: 0:02:58  lr: 0.000087  loss: 2.7703 (2.4554)  time: 0.4372  data: 0.0002  max mem: 20652
Epoch: [4]  [3300/3615]  eta: 0:02:15  lr: 0.000087  loss: 2.6560 (2.4528)  time: 0.4192  data: 0.0002  max mem: 20652
Epoch: [4]  [3400/3615]  eta: 0:01:32  lr: 0.000087  loss: 2.6177 (2.4523)  time: 0.4309  data: 0.0002  max mem: 20652
Epoch: [4]  [3500/3615]  eta: 0:00:49  lr: 0.000087  loss: 2.2087 (2.4529)  time: 0.4507  data: 0.0002  max mem: 20652
Epoch: [4]  [3600/3615]  eta: 0:00:06  lr: 0.000087  loss: 2.7527 (2.4533)  time: 0.4154  data: 0.0003  max mem: 20652
Epoch: [4] Total time: 0:25:53
0.7913967551129238
Epoch: [5]  [   0/3615]  eta: 5:24:24  lr: 0.000087  loss: 1.9808 (1.9808)  time: 5.3845  data: 4.8369  max mem: 20652
Epoch: [5]  [ 100/3615]  eta: 0:28:56  lr: 0.000087  loss: 2.3308 (2.3848)  time: 0.4418  data: 0.0003  max mem: 20652
Epoch: [5]  [ 200/3615]  eta: 0:26:17  lr: 0.000087  loss: 2.6374 (2.3939)  time: 0.4399  data: 0.0003  max mem: 20652
Epoch: [5]  [ 300/3615]  eta: 0:25:00  lr: 0.000087  loss: 2.1848 (2.3876)  time: 0.4499  data: 0.0002  max mem: 20652
Epoch: [5]  [ 400/3615]  eta: 0:23:56  lr: 0.000087  loss: 2.3298 (2.3880)  time: 0.4281  data: 0.0002  max mem: 20652
Epoch: [5]  [ 500/3615]  eta: 0:23:25  lr: 0.000087  loss: 2.6659 (2.3892)  time: 0.4778  data: 0.0003  max mem: 20652
Epoch: [5]  [ 600/3615]  eta: 0:22:37  lr: 0.000087  loss: 2.4667 (2.3882)  time: 0.4473  data: 0.0003  max mem: 20652
Epoch: [5]  [ 700/3615]  eta: 0:21:50  lr: 0.000087  loss: 2.3488 (2.3935)  time: 0.4269  data: 0.0002  max mem: 20652
Epoch: [5]  [ 800/3615]  eta: 0:20:57  lr: 0.000086  loss: 2.7475 (2.3964)  time: 0.4301  data: 0.0002  max mem: 20652
Epoch: [5]  [ 900/3615]  eta: 0:20:09  lr: 0.000086  loss: 2.2893 (2.3990)  time: 0.4417  data: 0.0004  max mem: 20652
Epoch: [5]  [1000/3615]  eta: 0:19:23  lr: 0.000086  loss: 2.3618 (2.4054)  time: 0.4329  data: 0.0002  max mem: 20652
Epoch: [5]  [1100/3615]  eta: 0:18:35  lr: 0.000086  loss: 2.4552 (2.4030)  time: 0.4227  data: 0.0002  max mem: 20652
Epoch: [5]  [1200/3615]  eta: 0:17:49  lr: 0.000086  loss: 2.2823 (2.4029)  time: 0.4296  data: 0.0002  max mem: 20652
Epoch: [5]  [1300/3615]  eta: 0:17:03  lr: 0.000086  loss: 2.7878 (2.4016)  time: 0.4190  data: 0.0002  max mem: 20652
Epoch: [5]  [1400/3615]  eta: 0:16:18  lr: 0.000086  loss: 2.4887 (2.3988)  time: 0.4261  data: 0.0002  max mem: 20652
Epoch: [5]  [1500/3615]  eta: 0:15:35  lr: 0.000086  loss: 2.5374 (2.4017)  time: 0.4520  data: 0.0003  max mem: 20652
Epoch: [5]  [1600/3615]  eta: 0:14:53  lr: 0.000086  loss: 2.1128 (2.3997)  time: 0.4795  data: 0.0002  max mem: 20652
Epoch: [5]  [1700/3615]  eta: 0:14:09  lr: 0.000086  loss: 2.4159 (2.4004)  time: 0.4324  data: 0.0003  max mem: 20652
Epoch: [5]  [1800/3615]  eta: 0:13:25  lr: 0.000086  loss: 2.9371 (2.3993)  time: 0.4203  data: 0.0002  max mem: 20652
Epoch: [5]  [1900/3615]  eta: 0:12:39  lr: 0.000086  loss: 2.7533 (2.4001)  time: 0.4349  data: 0.0003  max mem: 20652
Epoch: [5]  [2000/3615]  eta: 0:11:56  lr: 0.000086  loss: 2.5214 (2.3992)  time: 0.4493  data: 0.0003  max mem: 20652
Epoch: [5]  [2100/3615]  eta: 0:11:12  lr: 0.000086  loss: 2.2082 (2.3973)  time: 0.4317  data: 0.0002  max mem: 20652
Epoch: [5]  [2200/3615]  eta: 0:10:26  lr: 0.000085  loss: 2.5301 (2.3989)  time: 0.4225  data: 0.0003  max mem: 20652
Epoch: [5]  [2300/3615]  eta: 0:09:41  lr: 0.000085  loss: 2.6538 (2.3979)  time: 0.4188  data: 0.0002  max mem: 20652
Epoch: [5]  [2400/3615]  eta: 0:08:56  lr: 0.000085  loss: 2.1526 (2.3979)  time: 0.4219  data: 0.0003  max mem: 20652
Epoch: [5]  [2500/3615]  eta: 0:08:11  lr: 0.000085  loss: 2.9039 (2.3990)  time: 0.4241  data: 0.0003  max mem: 20652
Epoch: [5]  [2600/3615]  eta: 0:07:27  lr: 0.000085  loss: 2.3331 (2.3983)  time: 0.4351  data: 0.0003  max mem: 20652
Epoch: [5]  [2700/3615]  eta: 0:06:43  lr: 0.000085  loss: 2.0184 (2.3978)  time: 0.4224  data: 0.0003  max mem: 20652
Epoch: [5]  [2800/3615]  eta: 0:05:58  lr: 0.000085  loss: 2.4266 (2.3953)  time: 0.4335  data: 0.0003  max mem: 20652
Epoch: [5]  [2900/3615]  eta: 0:05:14  lr: 0.000085  loss: 2.4146 (2.3941)  time: 0.4303  data: 0.0002  max mem: 20652
Epoch: [5]  [3000/3615]  eta: 0:04:30  lr: 0.000085  loss: 3.0591 (2.3930)  time: 0.4280  data: 0.0002  max mem: 20652
Epoch: [5]  [3100/3615]  eta: 0:03:46  lr: 0.000085  loss: 2.2637 (2.3911)  time: 0.4311  data: 0.0003  max mem: 20652
Epoch: [5]  [3200/3615]  eta: 0:03:02  lr: 0.000085  loss: 3.0498 (2.3920)  time: 0.4259  data: 0.0002  max mem: 20652
Epoch: [5]  [3300/3615]  eta: 0:02:18  lr: 0.000085  loss: 1.9932 (2.3916)  time: 0.4207  data: 0.0002  max mem: 20652
Epoch: [5]  [3400/3615]  eta: 0:01:34  lr: 0.000085  loss: 1.9160 (2.3907)  time: 0.4312  data: 0.0003  max mem: 20652
Epoch: [5]  [3500/3615]  eta: 0:00:50  lr: 0.000085  loss: 2.1979 (2.3920)  time: 0.4434  data: 0.0003  max mem: 20652
Epoch: [5]  [3600/3615]  eta: 0:00:06  lr: 0.000084  loss: 2.3214 (2.3913)  time: 0.4187  data: 0.0004  max mem: 20652
Epoch: [5] Total time: 0:26:23
0.8050588526771496
Epoch: [6]  [   0/3615]  eta: 3:23:20  lr: 0.000084  loss: 2.7530 (2.7530)  time: 3.3749  data: 2.9108  max mem: 20652
Epoch: [6]  [ 100/3615]  eta: 0:28:37  lr: 0.000084  loss: 2.4696 (2.3620)  time: 0.4343  data: 0.0003  max mem: 20652
Epoch: [6]  [ 200/3615]  eta: 0:26:12  lr: 0.000084  loss: 2.3420 (2.3716)  time: 0.4314  data: 0.0002  max mem: 20652
Epoch: [6]  [ 300/3615]  eta: 0:25:05  lr: 0.000084  loss: 2.5330 (2.3680)  time: 0.4496  data: 0.0003  max mem: 20652
Epoch: [6]  [ 400/3615]  eta: 0:24:06  lr: 0.000084  loss: 2.1904 (2.3527)  time: 0.4254  data: 0.0003  max mem: 20652
Epoch: [6]  [ 500/3615]  eta: 0:23:14  lr: 0.000084  loss: 2.5107 (2.3584)  time: 0.4271  data: 0.0003  max mem: 20652
Epoch: [6]  [ 600/3615]  eta: 0:22:24  lr: 0.000084  loss: 2.0436 (2.3549)  time: 0.4380  data: 0.0002  max mem: 20652
Epoch: [6]  [ 700/3615]  eta: 0:21:36  lr: 0.000084  loss: 2.8190 (2.3459)  time: 0.4402  data: 0.0002  max mem: 20652
Epoch: [6]  [ 800/3615]  eta: 0:20:49  lr: 0.000084  loss: 2.2611 (2.3430)  time: 0.4521  data: 0.0002  max mem: 20652
Epoch: [6]  [ 900/3615]  eta: 0:20:00  lr: 0.000084  loss: 2.1435 (2.3441)  time: 0.4266  data: 0.0002  max mem: 20652
Epoch: [6]  [1000/3615]  eta: 0:19:15  lr: 0.000084  loss: 2.9241 (2.3466)  time: 0.4484  data: 0.0002  max mem: 20652
Epoch: [6]  [1100/3615]  eta: 0:18:28  lr: 0.000084  loss: 2.3611 (2.3439)  time: 0.4252  data: 0.0002  max mem: 20652
Epoch: [6]  [1200/3615]  eta: 0:17:42  lr: 0.000084  loss: 2.8577 (2.3441)  time: 0.4331  data: 0.0002  max mem: 20652
Epoch: [6]  [1300/3615]  eta: 0:16:56  lr: 0.000083  loss: 2.6742 (2.3441)  time: 0.4254  data: 0.0002  max mem: 20652
Epoch: [6]  [1400/3615]  eta: 0:16:11  lr: 0.000083  loss: 2.7497 (2.3445)  time: 0.4388  data: 0.0002  max mem: 20652
Epoch: [6]  [1500/3615]  eta: 0:15:27  lr: 0.000083  loss: 2.0164 (2.3427)  time: 0.4272  data: 0.0002  max mem: 20652
Epoch: [6]  [1600/3615]  eta: 0:14:43  lr: 0.000083  loss: 2.1271 (2.3445)  time: 0.4476  data: 0.0002  max mem: 20652
Epoch: [6]  [1700/3615]  eta: 0:13:59  lr: 0.000083  loss: 2.8023 (2.3427)  time: 0.4533  data: 0.0002  max mem: 20652
Epoch: [6]  [1800/3615]  eta: 0:13:15  lr: 0.000083  loss: 2.4864 (2.3438)  time: 0.4516  data: 0.0002  max mem: 20652
Epoch: [6]  [1900/3615]  eta: 0:12:31  lr: 0.000083  loss: 2.3695 (2.3450)  time: 0.4296  data: 0.0002  max mem: 20652
Epoch: [6]  [2000/3615]  eta: 0:11:47  lr: 0.000083  loss: 2.0766 (2.3436)  time: 0.4260  data: 0.0002  max mem: 20652
Epoch: [6]  [2100/3615]  eta: 0:11:04  lr: 0.000083  loss: 2.1387 (2.3421)  time: 0.4402  data: 0.0003  max mem: 20652
Epoch: [6]  [2200/3615]  eta: 0:10:20  lr: 0.000083  loss: 2.3106 (2.3433)  time: 0.4338  data: 0.0002  max mem: 20652
Epoch: [6]  [2300/3615]  eta: 0:09:35  lr: 0.000083  loss: 2.0214 (2.3417)  time: 0.4228  data: 0.0002  max mem: 20652
Epoch: [6]  [2400/3615]  eta: 0:08:52  lr: 0.000083  loss: 1.9894 (2.3398)  time: 0.4301  data: 0.0002  max mem: 20652
Epoch: [6]  [2500/3615]  eta: 0:08:08  lr: 0.000083  loss: 2.3249 (2.3414)  time: 0.4297  data: 0.0002  max mem: 20652
Epoch: [6]  [2600/3615]  eta: 0:07:24  lr: 0.000083  loss: 2.2356 (2.3400)  time: 0.4518  data: 0.0002  max mem: 20652
Epoch: [6]  [2700/3615]  eta: 0:06:40  lr: 0.000082  loss: 2.6362 (2.3378)  time: 0.4285  data: 0.0002  max mem: 20652
Epoch: [6]  [2800/3615]  eta: 0:05:56  lr: 0.000082  loss: 2.3694 (2.3380)  time: 0.4293  data: 0.0002  max mem: 20652
Epoch: [6]  [2900/3615]  eta: 0:05:12  lr: 0.000082  loss: 2.2090 (2.3388)  time: 0.4324  data: 0.0002  max mem: 20652
Epoch: [6]  [3000/3615]  eta: 0:04:29  lr: 0.000082  loss: 2.6602 (2.3383)  time: 0.4468  data: 0.0002  max mem: 20652
Epoch: [6]  [3100/3615]  eta: 0:03:45  lr: 0.000082  loss: 2.7095 (2.3383)  time: 0.4241  data: 0.0002  max mem: 20652
Epoch: [6]  [3200/3615]  eta: 0:03:01  lr: 0.000082  loss: 2.4425 (2.3378)  time: 0.4265  data: 0.0002  max mem: 20652
Epoch: [6]  [3300/3615]  eta: 0:02:17  lr: 0.000082  loss: 2.1243 (2.3368)  time: 0.4229  data: 0.0002  max mem: 20652
Epoch: [6]  [3400/3615]  eta: 0:01:33  lr: 0.000082  loss: 2.4404 (2.3381)  time: 0.4261  data: 0.0002  max mem: 20652
Epoch: [6]  [3500/3615]  eta: 0:00:50  lr: 0.000082  loss: 2.3634 (2.3389)  time: 0.4322  data: 0.0002  max mem: 20652
Epoch: [6]  [3600/3615]  eta: 0:00:06  lr: 0.000082  loss: 2.9020 (2.3393)  time: 0.4421  data: 0.0004  max mem: 20652
Epoch: [6] Total time: 0:26:19
0.8167022154559216
Epoch: [7]  [   0/3615]  eta: 6:05:00  lr: 0.000082  loss: 2.5133 (2.5133)  time: 6.0581  data: 5.5922  max mem: 20652
Epoch: [7]  [ 100/3615]  eta: 0:28:25  lr: 0.000082  loss: 2.0944 (2.1909)  time: 0.4275  data: 0.0002  max mem: 20652
Epoch: [7]  [ 200/3615]  eta: 0:26:19  lr: 0.000082  loss: 2.3778 (2.2290)  time: 0.4426  data: 0.0002  max mem: 20652
Epoch: [7]  [ 300/3615]  eta: 0:24:57  lr: 0.000082  loss: 2.4252 (2.2636)  time: 0.4381  data: 0.0002  max mem: 20652
Epoch: [7]  [ 400/3615]  eta: 0:23:53  lr: 0.000082  loss: 2.5265 (2.2778)  time: 0.4226  data: 0.0002  max mem: 20652
Epoch: [7]  [ 500/3615]  eta: 0:23:04  lr: 0.000081  loss: 3.1726 (2.2866)  time: 0.4193  data: 0.0002  max mem: 20652
Epoch: [7]  [ 600/3615]  eta: 0:22:12  lr: 0.000081  loss: 2.2849 (2.2844)  time: 0.4254  data: 0.0002  max mem: 20652
Epoch: [7]  [ 700/3615]  eta: 0:21:25  lr: 0.000081  loss: 2.5005 (2.2792)  time: 0.4285  data: 0.0002  max mem: 20652
Epoch: [7]  [ 800/3615]  eta: 0:20:37  lr: 0.000081  loss: 2.7513 (2.2769)  time: 0.4199  data: 0.0002  max mem: 20652
Epoch: [7]  [ 900/3615]  eta: 0:19:51  lr: 0.000081  loss: 2.0230 (2.2832)  time: 0.4293  data: 0.0002  max mem: 20652
Epoch: [7]  [1000/3615]  eta: 0:19:07  lr: 0.000081  loss: 2.6223 (2.2812)  time: 0.4499  data: 0.0002  max mem: 20652
Epoch: [7]  [1100/3615]  eta: 0:18:22  lr: 0.000081  loss: 2.4295 (2.2792)  time: 0.4234  data: 0.0002  max mem: 20652
Epoch: [7]  [1200/3615]  eta: 0:17:38  lr: 0.000081  loss: 2.4522 (2.2791)  time: 0.4387  data: 0.0002  max mem: 20652
Epoch: [7]  [1300/3615]  eta: 0:16:55  lr: 0.000081  loss: 1.8359 (2.2801)  time: 0.4450  data: 0.0002  max mem: 20652
Epoch: [7]  [1400/3615]  eta: 0:16:14  lr: 0.000081  loss: 2.1987 (2.2795)  time: 0.4785  data: 0.0002  max mem: 20652
Epoch: [7]  [1500/3615]  eta: 0:15:29  lr: 0.000081  loss: 2.3746 (2.2822)  time: 0.4219  data: 0.0002  max mem: 20652
Epoch: [7]  [1600/3615]  eta: 0:14:45  lr: 0.000081  loss: 2.8067 (2.2841)  time: 0.4317  data: 0.0002  max mem: 20652
Epoch: [7]  [1700/3615]  eta: 0:14:01  lr: 0.000081  loss: 2.0678 (2.2850)  time: 0.4433  data: 0.0002  max mem: 20652
Epoch: [7]  [1800/3615]  eta: 0:13:17  lr: 0.000080  loss: 2.0363 (2.2858)  time: 0.4492  data: 0.0002  max mem: 20652
Epoch: [7]  [1900/3615]  eta: 0:12:33  lr: 0.000080  loss: 2.5000 (2.2876)  time: 0.4270  data: 0.0002  max mem: 20652
Epoch: [7]  [2000/3615]  eta: 0:11:49  lr: 0.000080  loss: 1.8787 (2.2858)  time: 0.4482  data: 0.0002  max mem: 20652
Epoch: [7]  [2100/3615]  eta: 0:11:05  lr: 0.000080  loss: 2.3470 (2.2867)  time: 0.4475  data: 0.0002  max mem: 20652
Epoch: [7]  [2200/3615]  eta: 0:10:23  lr: 0.000080  loss: 1.9592 (2.2874)  time: 0.4509  data: 0.0002  max mem: 20652
Epoch: [7]  [2300/3615]  eta: 0:09:39  lr: 0.000080  loss: 1.8531 (2.2867)  time: 0.4384  data: 0.0002  max mem: 20652
Epoch: [7]  [2400/3615]  eta: 0:08:54  lr: 0.000080  loss: 2.5107 (2.2861)  time: 0.4315  data: 0.0002  max mem: 20652
Epoch: [7]  [2500/3615]  eta: 0:08:10  lr: 0.000080  loss: 2.2361 (2.2864)  time: 0.4307  data: 0.0002  max mem: 20652
Epoch: [7]  [2600/3615]  eta: 0:07:26  lr: 0.000080  loss: 2.3257 (2.2873)  time: 0.4236  data: 0.0002  max mem: 20652
Epoch: [7]  [2700/3615]  eta: 0:06:42  lr: 0.000080  loss: 2.3706 (2.2858)  time: 0.4505  data: 0.0002  max mem: 20652
Epoch: [7]  [2800/3615]  eta: 0:05:58  lr: 0.000080  loss: 2.8021 (2.2837)  time: 0.4300  data: 0.0002  max mem: 20652
Epoch: [7]  [2900/3615]  eta: 0:05:14  lr: 0.000080  loss: 2.4313 (2.2827)  time: 0.4302  data: 0.0002  max mem: 20652
Epoch: [7]  [3000/3615]  eta: 0:04:29  lr: 0.000080  loss: 2.4915 (2.2818)  time: 0.4308  data: 0.0002  max mem: 20652
Epoch: [7]  [3100/3615]  eta: 0:03:46  lr: 0.000080  loss: 2.1647 (2.2798)  time: 0.4546  data: 0.0002  max mem: 20652
Epoch: [7]  [3200/3615]  eta: 0:03:02  lr: 0.000079  loss: 2.3846 (2.2783)  time: 0.4481  data: 0.0004  max mem: 20652
Epoch: [7]  [3300/3615]  eta: 0:02:18  lr: 0.000079  loss: 2.6628 (2.2795)  time: 0.4369  data: 0.0002  max mem: 20652
Epoch: [7]  [3400/3615]  eta: 0:01:34  lr: 0.000079  loss: 2.4467 (2.2797)  time: 0.4423  data: 0.0002  max mem: 20652
Epoch: [7]  [3500/3615]  eta: 0:00:50  lr: 0.000079  loss: 2.9759 (2.2787)  time: 0.4450  data: 0.0002  max mem: 20652
Epoch: [7]  [3600/3615]  eta: 0:00:06  lr: 0.000079  loss: 2.8931 (2.2805)  time: 0.4421  data: 0.0003  max mem: 20652
Epoch: [7] Total time: 0:26:28
0.8290541696540729
Epoch: [8]  [   0/3615]  eta: 6:11:23  lr: 0.000079  loss: 2.2347 (2.2347)  time: 6.1642  data: 5.6583  max mem: 20652
Epoch: [8]  [ 100/3615]  eta: 0:29:48  lr: 0.000079  loss: 2.6830 (2.2367)  time: 0.4827  data: 0.0002  max mem: 20652
Epoch: [8]  [ 200/3615]  eta: 0:27:52  lr: 0.000079  loss: 2.1148 (2.2472)  time: 0.4407  data: 0.0002  max mem: 20652
Epoch: [8]  [ 300/3615]  eta: 0:26:20  lr: 0.000079  loss: 2.1513 (2.2408)  time: 0.4357  data: 0.0002  max mem: 20652
Epoch: [8]  [ 400/3615]  eta: 0:25:15  lr: 0.000079  loss: 2.1410 (2.2394)  time: 0.4836  data: 0.0002  max mem: 20652
Epoch: [8]  [ 500/3615]  eta: 0:24:09  lr: 0.000079  loss: 2.1679 (2.2396)  time: 0.4572  data: 0.0002  max mem: 20652
Epoch: [8]  [ 600/3615]  eta: 0:23:13  lr: 0.000079  loss: 2.2958 (2.2471)  time: 0.4293  data: 0.0002  max mem: 20652
Epoch: [8]  [ 700/3615]  eta: 0:22:34  lr: 0.000079  loss: 2.2014 (2.2461)  time: 0.4901  data: 0.0002  max mem: 20652
Epoch: [8]  [ 800/3615]  eta: 0:21:42  lr: 0.000079  loss: 2.3826 (2.2490)  time: 0.4222  data: 0.0002  max mem: 20652
Epoch: [8]  [ 900/3615]  eta: 0:20:47  lr: 0.000079  loss: 2.2087 (2.2459)  time: 0.4394  data: 0.0007  max mem: 20652
Epoch: [8]  [1000/3615]  eta: 0:19:53  lr: 0.000078  loss: 2.2071 (2.2444)  time: 0.4224  data: 0.0002  max mem: 20652
Epoch: [8]  [1100/3615]  eta: 0:19:02  lr: 0.000078  loss: 2.1000 (2.2445)  time: 0.4242  data: 0.0002  max mem: 20652
Epoch: [8]  [1200/3615]  eta: 0:18:16  lr: 0.000078  loss: 2.1237 (2.2465)  time: 0.4676  data: 0.0002  max mem: 20652
Epoch: [8]  [1300/3615]  eta: 0:17:26  lr: 0.000078  loss: 2.1732 (2.2421)  time: 0.4312  data: 0.0002  max mem: 20652
Epoch: [8]  [1400/3615]  eta: 0:16:38  lr: 0.000078  loss: 2.1832 (2.2427)  time: 0.4326  data: 0.0002  max mem: 20652
Epoch: [8]  [1500/3615]  eta: 0:15:51  lr: 0.000078  loss: 2.2779 (2.2437)  time: 0.4390  data: 0.0002  max mem: 20652
Epoch: [8]  [1600/3615]  eta: 0:15:03  lr: 0.000078  loss: 2.3037 (2.2429)  time: 0.4258  data: 0.0002  max mem: 20652
Epoch: [8]  [1700/3615]  eta: 0:14:17  lr: 0.000078  loss: 2.0670 (2.2432)  time: 0.4296  data: 0.0002  max mem: 20652
Epoch: [8]  [1800/3615]  eta: 0:13:31  lr: 0.000078  loss: 2.3731 (2.2442)  time: 0.4460  data: 0.0002  max mem: 20652
Epoch: [8]  [1900/3615]  eta: 0:12:44  lr: 0.000078  loss: 2.3246 (2.2466)  time: 0.4225  data: 0.0002  max mem: 20652
Epoch: [8]  [2000/3615]  eta: 0:11:59  lr: 0.000078  loss: 2.6803 (2.2471)  time: 0.4266  data: 0.0002  max mem: 20652
Epoch: [8]  [2100/3615]  eta: 0:11:13  lr: 0.000078  loss: 2.1572 (2.2474)  time: 0.4217  data: 0.0002  max mem: 20652
Epoch: [8]  [2200/3615]  eta: 0:10:28  lr: 0.000078  loss: 2.1739 (2.2458)  time: 0.4217  data: 0.0002  max mem: 20652
Epoch: [8]  [2300/3615]  eta: 0:09:44  lr: 0.000077  loss: 2.0589 (2.2456)  time: 0.4867  data: 0.0002  max mem: 20652
Epoch: [8]  [2400/3615]  eta: 0:09:01  lr: 0.000077  loss: 2.5832 (2.2444)  time: 0.4296  data: 0.0002  max mem: 20652
Epoch: [8]  [2500/3615]  eta: 0:08:18  lr: 0.000077  loss: 2.0578 (2.2431)  time: 0.4665  data: 0.0002  max mem: 20652
Epoch: [8]  [2600/3615]  eta: 0:07:33  lr: 0.000077  loss: 2.4228 (2.2435)  time: 0.4209  data: 0.0002  max mem: 20652
Epoch: [8]  [2700/3615]  eta: 0:06:48  lr: 0.000077  loss: 1.9325 (2.2441)  time: 0.4412  data: 0.0002  max mem: 20652
Epoch: [8]  [2800/3615]  eta: 0:06:03  lr: 0.000077  loss: 2.5116 (2.2447)  time: 0.4245  data: 0.0002  max mem: 20652
Epoch: [8]  [2900/3615]  eta: 0:05:19  lr: 0.000077  loss: 1.8791 (2.2457)  time: 0.4806  data: 0.0002  max mem: 20652
Epoch: [8]  [3000/3615]  eta: 0:04:35  lr: 0.000077  loss: 2.1308 (2.2448)  time: 0.4871  data: 0.0002  max mem: 20652
Epoch: [8]  [3100/3615]  eta: 0:03:51  lr: 0.000077  loss: 2.6160 (2.2450)  time: 0.4835  data: 0.0002  max mem: 20652
Epoch: [8]  [3200/3615]  eta: 0:03:06  lr: 0.000077  loss: 2.0351 (2.2441)  time: 0.4878  data: 0.0002  max mem: 20652
Epoch: [8]  [3300/3615]  eta: 0:02:22  lr: 0.000077  loss: 2.4307 (2.2448)  time: 0.4973  data: 0.0002  max mem: 20652
Epoch: [8]  [3400/3615]  eta: 0:01:37  lr: 0.000077  loss: 2.1680 (2.2462)  time: 0.4961  data: 0.0002  max mem: 20652
Epoch: [8]  [3500/3615]  eta: 0:00:52  lr: 0.000077  loss: 2.5036 (2.2452)  time: 0.4882  data: 0.0002  max mem: 20652
Epoch: [8]  [3600/3615]  eta: 0:00:06  lr: 0.000077  loss: 2.4813 (2.2447)  time: 0.4864  data: 0.0004  max mem: 20652
Epoch: [8] Total time: 0:27:24
0.8356771153102525
Epoch: [9]  [   0/3615]  eta: 4:13:01  lr: 0.000077  loss: 2.1324 (2.1324)  time: 4.1997  data: 3.7351  max mem: 20652
Epoch: [9]  [ 100/3615]  eta: 0:29:02  lr: 0.000076  loss: 2.4771 (2.1724)  time: 0.4780  data: 0.0002  max mem: 20652
Epoch: [9]  [ 200/3615]  eta: 0:26:34  lr: 0.000076  loss: 2.5647 (2.1745)  time: 0.4241  data: 0.0002  max mem: 20652
Epoch: [9]  [ 300/3615]  eta: 0:25:10  lr: 0.000076  loss: 2.4427 (2.1800)  time: 0.4220  data: 0.0002  max mem: 20652
Epoch: [9]  [ 400/3615]  eta: 0:24:22  lr: 0.000076  loss: 1.9532 (2.1833)  time: 0.4724  data: 0.0002  max mem: 20652
Epoch: [9]  [ 500/3615]  eta: 0:23:38  lr: 0.000076  loss: 2.5842 (2.1871)  time: 0.4728  data: 0.0002  max mem: 20652
Epoch: [9]  [ 600/3615]  eta: 0:22:50  lr: 0.000076  loss: 2.7439 (2.1882)  time: 0.4357  data: 0.0002  max mem: 20652
Epoch: [9]  [ 700/3615]  eta: 0:21:54  lr: 0.000076  loss: 2.4905 (2.1905)  time: 0.4243  data: 0.0002  max mem: 20652
Epoch: [9]  [ 800/3615]  eta: 0:21:01  lr: 0.000076  loss: 2.3777 (2.1945)  time: 0.4219  data: 0.0002  max mem: 20652
Epoch: [9]  [ 900/3615]  eta: 0:20:17  lr: 0.000076  loss: 2.7960 (2.1957)  time: 0.4634  data: 0.0002  max mem: 20652
Epoch: [9]  [1000/3615]  eta: 0:19:33  lr: 0.000076  loss: 2.2172 (2.1950)  time: 0.4259  data: 0.0002  max mem: 20652
Epoch: [9]  [1100/3615]  eta: 0:18:46  lr: 0.000076  loss: 2.0120 (2.1992)  time: 0.4381  data: 0.0002  max mem: 20652
Epoch: [9]  [1200/3615]  eta: 0:17:58  lr: 0.000076  loss: 2.2191 (2.2017)  time: 0.4207  data: 0.0002  max mem: 20652
Epoch: [9]  [1300/3615]  eta: 0:17:11  lr: 0.000076  loss: 2.3269 (2.2051)  time: 0.4519  data: 0.0002  max mem: 20652
Epoch: [9]  [1400/3615]  eta: 0:16:24  lr: 0.000075  loss: 1.8985 (2.2016)  time: 0.4240  data: 0.0002  max mem: 20652
Epoch: [9]  [1500/3615]  eta: 0:15:43  lr: 0.000075  loss: 2.0302 (2.2013)  time: 0.4863  data: 0.0002  max mem: 20652
Epoch: [9]  [1600/3615]  eta: 0:15:02  lr: 0.000075  loss: 2.5872 (2.2034)  time: 0.4413  data: 0.0002  max mem: 20652
Epoch: [9]  [1700/3615]  eta: 0:14:16  lr: 0.000075  loss: 2.2191 (2.2015)  time: 0.4475  data: 0.0002  max mem: 20652
Epoch: [9]  [1800/3615]  eta: 0:13:30  lr: 0.000075  loss: 2.0300 (2.2035)  time: 0.4287  data: 0.0002  max mem: 20652
Epoch: [9]  [1900/3615]  eta: 0:12:45  lr: 0.000075  loss: 1.8389 (2.2018)  time: 0.4446  data: 0.0002  max mem: 20652
Epoch: [9]  [2000/3615]  eta: 0:11:59  lr: 0.000075  loss: 2.0110 (2.2015)  time: 0.4397  data: 0.0002  max mem: 20652
Epoch: [9]  [2100/3615]  eta: 0:11:16  lr: 0.000075  loss: 2.6398 (2.2012)  time: 0.4635  data: 0.0002  max mem: 20652
Epoch: [9]  [2200/3615]  eta: 0:10:34  lr: 0.000075  loss: 1.9671 (2.2034)  time: 0.4809  data: 0.0002  max mem: 20652
Epoch: [9]  [2300/3615]  eta: 0:09:51  lr: 0.000075  loss: 1.9684 (2.2040)  time: 0.4837  data: 0.0002  max mem: 20652
Epoch: [9]  [2400/3615]  eta: 0:09:06  lr: 0.000075  loss: 2.5310 (2.2039)  time: 0.4346  data: 0.0002  max mem: 20652
Epoch: [9]  [2500/3615]  eta: 0:08:21  lr: 0.000075  loss: 1.8817 (2.2034)  time: 0.4525  data: 0.0002  max mem: 20652
Epoch: [9]  [2600/3615]  eta: 0:07:36  lr: 0.000075  loss: 2.7910 (2.2050)  time: 0.4887  data: 0.0002  max mem: 20652
Epoch: [9]  [2700/3615]  eta: 0:06:53  lr: 0.000075  loss: 1.9261 (2.2060)  time: 0.4829  data: 0.0002  max mem: 20652
Epoch: [9]  [2800/3615]  eta: 0:06:08  lr: 0.000074  loss: 2.1081 (2.2051)  time: 0.4420  data: 0.0002  max mem: 20652
Epoch: [9]  [2900/3615]  eta: 0:05:22  lr: 0.000074  loss: 2.0569 (2.2070)  time: 0.4289  data: 0.0002  max mem: 20652
Epoch: [9]  [3000/3615]  eta: 0:04:36  lr: 0.000074  loss: 2.0538 (2.2073)  time: 0.4227  data: 0.0002  max mem: 20652
Epoch: [9]  [3100/3615]  eta: 0:03:51  lr: 0.000074  loss: 1.6303 (2.2065)  time: 0.4195  data: 0.0002  max mem: 20652
Epoch: [9]  [3200/3615]  eta: 0:03:06  lr: 0.000074  loss: 2.3372 (2.2061)  time: 0.4270  data: 0.0002  max mem: 20652
Epoch: [9]  [3300/3615]  eta: 0:02:21  lr: 0.000074  loss: 2.2182 (2.2055)  time: 0.4470  data: 0.0002  max mem: 20652
Epoch: [9]  [3400/3615]  eta: 0:01:36  lr: 0.000074  loss: 1.9231 (2.2039)  time: 0.4370  data: 0.0002  max mem: 20652
Epoch: [9]  [3500/3615]  eta: 0:00:51  lr: 0.000074  loss: 1.8123 (2.2033)  time: 0.4353  data: 0.0002  max mem: 20652
Epoch: [9]  [3600/3615]  eta: 0:00:06  lr: 0.000074  loss: 2.0349 (2.2038)  time: 0.4569  data: 0.0003  max mem: 20652
Epoch: [9] Total time: 0:26:58
0.8447368440758608
Epoch: [10]  [   0/3615]  eta: 8:47:58  lr: 0.000074  loss: 1.8318 (1.8318)  time: 8.7631  data: 8.3234  max mem: 20652
Epoch: [10]  [ 100/3615]  eta: 0:30:02  lr: 0.000074  loss: 1.9296 (2.2135)  time: 0.4668  data: 0.0002  max mem: 20652
Epoch: [10]  [ 200/3615]  eta: 0:26:53  lr: 0.000074  loss: 1.9102 (2.1918)  time: 0.4212  data: 0.0002  max mem: 20652
Epoch: [10]  [ 300/3615]  eta: 0:25:19  lr: 0.000074  loss: 2.3501 (2.1827)  time: 0.4195  data: 0.0002  max mem: 20652
Epoch: [10]  [ 400/3615]  eta: 0:24:15  lr: 0.000074  loss: 2.2856 (2.1801)  time: 0.4403  data: 0.0002  max mem: 20652
Epoch: [10]  [ 500/3615]  eta: 0:23:14  lr: 0.000074  loss: 2.3319 (2.1770)  time: 0.4272  data: 0.0002  max mem: 20652
Epoch: [10]  [ 600/3615]  eta: 0:22:21  lr: 0.000073  loss: 2.3338 (2.1823)  time: 0.4329  data: 0.0002  max mem: 20652
Epoch: [10]  [ 700/3615]  eta: 0:21:34  lr: 0.000073  loss: 2.4225 (2.1803)  time: 0.4416  data: 0.0002  max mem: 20652
Epoch: [10]  [ 800/3615]  eta: 0:20:45  lr: 0.000073  loss: 1.8487 (2.1830)  time: 0.4250  data: 0.0002  max mem: 20652
Epoch: [10]  [ 900/3615]  eta: 0:19:58  lr: 0.000073  loss: 1.8755 (2.1811)  time: 0.4479  data: 0.0003  max mem: 20652
Epoch: [10]  [1000/3615]  eta: 0:19:13  lr: 0.000073  loss: 2.2427 (2.1854)  time: 0.4542  data: 0.0002  max mem: 20652
Epoch: [10]  [1100/3615]  eta: 0:18:25  lr: 0.000073  loss: 2.0679 (2.1849)  time: 0.4458  data: 0.0002  max mem: 20652
Epoch: [10]  [1200/3615]  eta: 0:17:40  lr: 0.000073  loss: 2.4519 (2.1807)  time: 0.4384  data: 0.0002  max mem: 20652
Epoch: [10]  [1300/3615]  eta: 0:16:54  lr: 0.000073  loss: 1.9179 (2.1805)  time: 0.4222  data: 0.0002  max mem: 20652
Epoch: [10]  [1400/3615]  eta: 0:16:09  lr: 0.000073  loss: 2.0515 (2.1789)  time: 0.4393  data: 0.0002  max mem: 20652
Epoch: [10]  [1500/3615]  eta: 0:15:24  lr: 0.000073  loss: 1.9944 (2.1755)  time: 0.4213  data: 0.0002  max mem: 20652
Epoch: [10]  [1600/3615]  eta: 0:14:40  lr: 0.000073  loss: 2.1610 (2.1766)  time: 0.4403  data: 0.0002  max mem: 20652
Epoch: [10]  [1700/3615]  eta: 0:13:56  lr: 0.000073  loss: 2.1736 (2.1722)  time: 0.4196  data: 0.0002  max mem: 20652
Epoch: [10]  [1800/3615]  eta: 0:13:12  lr: 0.000073  loss: 2.7806 (2.1717)  time: 0.4249  data: 0.0002  max mem: 20652
Epoch: [10]  [1900/3615]  eta: 0:12:27  lr: 0.000072  loss: 2.0107 (2.1733)  time: 0.4226  data: 0.0002  max mem: 20652
Epoch: [10]  [2000/3615]  eta: 0:11:43  lr: 0.000072  loss: 2.3549 (2.1723)  time: 0.4282  data: 0.0002  max mem: 20652
Epoch: [10]  [2100/3615]  eta: 0:10:59  lr: 0.000072  loss: 1.8927 (2.1714)  time: 0.4254  data: 0.0002  max mem: 20652
Epoch: [10]  [2200/3615]  eta: 0:10:15  lr: 0.000072  loss: 2.3116 (2.1696)  time: 0.4230  data: 0.0002  max mem: 20652
Epoch: [10]  [2300/3615]  eta: 0:09:32  lr: 0.000072  loss: 2.1865 (2.1698)  time: 0.4382  data: 0.0002  max mem: 20652
Epoch: [10]  [2400/3615]  eta: 0:08:48  lr: 0.000072  loss: 2.1081 (2.1705)  time: 0.4342  data: 0.0002  max mem: 20652
Epoch: [10]  [2500/3615]  eta: 0:08:04  lr: 0.000072  loss: 2.3472 (2.1714)  time: 0.4225  data: 0.0002  max mem: 20652
Epoch: [10]  [2600/3615]  eta: 0:07:20  lr: 0.000072  loss: 2.3370 (2.1710)  time: 0.4213  data: 0.0002  max mem: 20652
Epoch: [10]  [2700/3615]  eta: 0:06:37  lr: 0.000072  loss: 2.4534 (2.1722)  time: 0.4243  data: 0.0002  max mem: 20652
Epoch: [10]  [2800/3615]  eta: 0:05:53  lr: 0.000072  loss: 2.0417 (2.1722)  time: 0.4286  data: 0.0002  max mem: 20652
Epoch: [10]  [2900/3615]  eta: 0:05:10  lr: 0.000072  loss: 2.3083 (2.1735)  time: 0.4260  data: 0.0002  max mem: 20652
Epoch: [10]  [3000/3615]  eta: 0:04:26  lr: 0.000072  loss: 1.9197 (2.1727)  time: 0.4199  data: 0.0002  max mem: 20652
Epoch: [10]  [3100/3615]  eta: 0:03:43  lr: 0.000072  loss: 1.9947 (2.1731)  time: 0.4265  data: 0.0002  max mem: 20652
Epoch: [10]  [3200/3615]  eta: 0:03:00  lr: 0.000072  loss: 2.4916 (2.1745)  time: 0.4516  data: 0.0002  max mem: 20652
Epoch: [10]  [3300/3615]  eta: 0:02:16  lr: 0.000071  loss: 2.1228 (2.1741)  time: 0.4358  data: 0.0002  max mem: 20652
Epoch: [10]  [3400/3615]  eta: 0:01:33  lr: 0.000071  loss: 1.9457 (2.1743)  time: 0.4440  data: 0.0002  max mem: 20652
Epoch: [10]  [3500/3615]  eta: 0:00:49  lr: 0.000071  loss: 2.4887 (2.1747)  time: 0.4221  data: 0.0002  max mem: 20652
Epoch: [10]  [3600/3615]  eta: 0:00:06  lr: 0.000071  loss: 2.0794 (2.1759)  time: 0.4182  data: 0.0004  max mem: 20652
Epoch: [10] Total time: 0:26:06
0.8504346566128852
Epoch: [11]  [   0/3615]  eta: 4:42:10  lr: 0.000071  loss: 2.2601 (2.2601)  time: 4.6835  data: 4.2160  max mem: 20652
Epoch: [11]  [ 100/3615]  eta: 0:28:41  lr: 0.000071  loss: 2.3195 (2.1589)  time: 0.4353  data: 0.0002  max mem: 20652
Epoch: [11]  [ 200/3615]  eta: 0:26:22  lr: 0.000071  loss: 2.4471 (2.1319)  time: 0.4426  data: 0.0002  max mem: 20652
Epoch: [11]  [ 300/3615]  eta: 0:24:54  lr: 0.000071  loss: 2.1495 (2.1288)  time: 0.4304  data: 0.0002  max mem: 20652
Epoch: [11]  [ 400/3615]  eta: 0:23:52  lr: 0.000071  loss: 1.6407 (2.1345)  time: 0.4212  data: 0.0002  max mem: 20652
Epoch: [11]  [ 500/3615]  eta: 0:22:59  lr: 0.000071  loss: 2.3950 (2.1389)  time: 0.4385  data: 0.0002  max mem: 20652
Epoch: [11]  [ 600/3615]  eta: 0:22:10  lr: 0.000071  loss: 1.8556 (2.1390)  time: 0.4185  data: 0.0002  max mem: 20652
Epoch: [11]  [ 700/3615]  eta: 0:21:19  lr: 0.000071  loss: 1.8665 (2.1394)  time: 0.4213  data: 0.0002  max mem: 20652
Epoch: [11]  [ 800/3615]  eta: 0:20:33  lr: 0.000071  loss: 1.6318 (2.1374)  time: 0.4210  data: 0.0002  max mem: 20652
Epoch: [11]  [ 900/3615]  eta: 0:19:46  lr: 0.000071  loss: 1.9570 (2.1378)  time: 0.4326  data: 0.0002  max mem: 20652
Epoch: [11]  [1000/3615]  eta: 0:19:02  lr: 0.000070  loss: 2.3305 (2.1353)  time: 0.4242  data: 0.0002  max mem: 20652
Epoch: [11]  [1100/3615]  eta: 0:18:18  lr: 0.000070  loss: 2.1700 (2.1382)  time: 0.4366  data: 0.0002  max mem: 20652
Epoch: [11]  [1200/3615]  eta: 0:17:32  lr: 0.000070  loss: 2.1943 (2.1403)  time: 0.4289  data: 0.0002  max mem: 20652
Epoch: [11]  [1300/3615]  eta: 0:16:47  lr: 0.000070  loss: 2.0990 (2.1424)  time: 0.4212  data: 0.0002  max mem: 20652
Epoch: [11]  [1400/3615]  eta: 0:16:03  lr: 0.000070  loss: 2.3039 (2.1416)  time: 0.4421  data: 0.0002  max mem: 20652
Epoch: [11]  [1500/3615]  eta: 0:15:20  lr: 0.000070  loss: 2.1898 (2.1448)  time: 0.4341  data: 0.0002  max mem: 20652
Epoch: [11]  [1600/3615]  eta: 0:14:36  lr: 0.000070  loss: 2.2002 (2.1462)  time: 0.4417  data: 0.0002  max mem: 20652
Epoch: [11]  [1700/3615]  eta: 0:13:52  lr: 0.000070  loss: 1.7707 (2.1473)  time: 0.4218  data: 0.0002  max mem: 20652
Epoch: [11]  [1800/3615]  eta: 0:13:08  lr: 0.000070  loss: 2.5133 (2.1469)  time: 0.4333  data: 0.0002  max mem: 20652
Epoch: [11]  [1900/3615]  eta: 0:12:25  lr: 0.000070  loss: 2.2087 (2.1463)  time: 0.4509  data: 0.0002  max mem: 20652
Epoch: [11]  [2000/3615]  eta: 0:11:41  lr: 0.000070  loss: 2.4207 (2.1460)  time: 0.4253  data: 0.0002  max mem: 20652
Epoch: [11]  [2100/3615]  eta: 0:10:57  lr: 0.000070  loss: 1.8592 (2.1469)  time: 0.4228  data: 0.0002  max mem: 20652
Epoch: [11]  [2200/3615]  eta: 0:10:14  lr: 0.000070  loss: 2.2069 (2.1458)  time: 0.4368  data: 0.0002  max mem: 20652
Epoch: [11]  [2300/3615]  eta: 0:09:30  lr: 0.000070  loss: 2.0153 (2.1442)  time: 0.4316  data: 0.0002  max mem: 20652
Epoch: [11]  [2400/3615]  eta: 0:08:47  lr: 0.000069  loss: 2.0934 (2.1451)  time: 0.4505  data: 0.0002  max mem: 20652
Epoch: [11]  [2500/3615]  eta: 0:08:03  lr: 0.000069  loss: 2.0296 (2.1481)  time: 0.4248  data: 0.0002  max mem: 20652
Epoch: [11]  [2600/3615]  eta: 0:07:20  lr: 0.000069  loss: 2.1274 (2.1488)  time: 0.4211  data: 0.0002  max mem: 20652
Epoch: [11]  [2700/3615]  eta: 0:06:37  lr: 0.000069  loss: 2.1742 (2.1481)  time: 0.4484  data: 0.0002  max mem: 20652
Epoch: [11]  [2800/3615]  eta: 0:05:53  lr: 0.000069  loss: 2.6651 (2.1490)  time: 0.4241  data: 0.0002  max mem: 20652
Epoch: [11]  [2900/3615]  eta: 0:05:10  lr: 0.000069  loss: 2.6245 (2.1470)  time: 0.4551  data: 0.0002  max mem: 20652
Epoch: [11]  [3000/3615]  eta: 0:04:26  lr: 0.000069  loss: 2.1069 (2.1471)  time: 0.4276  data: 0.0002  max mem: 20652
Epoch: [11]  [3100/3615]  eta: 0:03:43  lr: 0.000069  loss: 2.2129 (2.1466)  time: 0.4243  data: 0.0002  max mem: 20652
Epoch: [11]  [3200/3615]  eta: 0:03:00  lr: 0.000069  loss: 2.2320 (2.1457)  time: 0.4290  data: 0.0002  max mem: 20652
Epoch: [11]  [3300/3615]  eta: 0:02:16  lr: 0.000069  loss: 1.9358 (2.1456)  time: 0.4376  data: 0.0002  max mem: 20652
Epoch: [11]  [3400/3615]  eta: 0:01:33  lr: 0.000069  loss: 2.1455 (2.1460)  time: 0.4265  data: 0.0002  max mem: 20652
Epoch: [11]  [3500/3615]  eta: 0:00:49  lr: 0.000069  loss: 1.8769 (2.1456)  time: 0.4442  data: 0.0002  max mem: 20652
Epoch: [11]  [3600/3615]  eta: 0:00:06  lr: 0.000069  loss: 2.0249 (2.1449)  time: 0.4215  data: 0.0012  max mem: 20652
Epoch: [11] Total time: 0:26:08
0.856834870410889
Epoch: [12]  [   0/3615]  eta: 5:36:07  lr: 0.000069  loss: 2.3659 (2.3659)  time: 5.5789  data: 5.1246  max mem: 20652
Epoch: [12]  [ 100/3615]  eta: 0:28:00  lr: 0.000068  loss: 2.1838 (2.0855)  time: 0.4256  data: 0.0002  max mem: 20652
Epoch: [12]  [ 200/3615]  eta: 0:25:54  lr: 0.000068  loss: 1.9649 (2.1074)  time: 0.4195  data: 0.0002  max mem: 20652
Epoch: [12]  [ 300/3615]  eta: 0:24:44  lr: 0.000068  loss: 1.8659 (2.1135)  time: 0.4223  data: 0.0002  max mem: 20652
Epoch: [12]  [ 400/3615]  eta: 0:23:46  lr: 0.000068  loss: 2.0729 (2.1311)  time: 0.4323  data: 0.0002  max mem: 20652
Epoch: [12]  [ 500/3615]  eta: 0:22:53  lr: 0.000068  loss: 2.0026 (2.1268)  time: 0.4263  data: 0.0002  max mem: 20652
Epoch: [12]  [ 600/3615]  eta: 0:22:04  lr: 0.000068  loss: 1.8410 (2.1194)  time: 0.4238  data: 0.0002  max mem: 20652
Epoch: [12]  [ 700/3615]  eta: 0:21:17  lr: 0.000068  loss: 2.2796 (2.1207)  time: 0.4399  data: 0.0002  max mem: 20652
Epoch: [12]  [ 800/3615]  eta: 0:20:30  lr: 0.000068  loss: 2.3986 (2.1232)  time: 0.4194  data: 0.0002  max mem: 20652
Epoch: [12]  [ 900/3615]  eta: 0:19:45  lr: 0.000068  loss: 2.0014 (2.1224)  time: 0.4299  data: 0.0002  max mem: 20652
Epoch: [12]  [1000/3615]  eta: 0:19:00  lr: 0.000068  loss: 1.9741 (2.1170)  time: 0.4352  data: 0.0002  max mem: 20652
Epoch: [12]  [1100/3615]  eta: 0:18:15  lr: 0.000068  loss: 1.9706 (2.1203)  time: 0.4274  data: 0.0002  max mem: 20652
Epoch: [12]  [1200/3615]  eta: 0:17:32  lr: 0.000068  loss: 1.8767 (2.1171)  time: 0.4282  data: 0.0002  max mem: 20652
Epoch: [12]  [1300/3615]  eta: 0:16:48  lr: 0.000068  loss: 2.8806 (2.1155)  time: 0.4329  data: 0.0002  max mem: 20652
Epoch: [12]  [1400/3615]  eta: 0:16:03  lr: 0.000067  loss: 1.7883 (2.1191)  time: 0.4376  data: 0.0002  max mem: 20652
Epoch: [12]  [1500/3615]  eta: 0:15:19  lr: 0.000067  loss: 2.2283 (2.1179)  time: 0.4350  data: 0.0002  max mem: 20652
Epoch: [12]  [1600/3615]  eta: 0:14:35  lr: 0.000067  loss: 2.2951 (2.1159)  time: 0.4321  data: 0.0002  max mem: 20652
Epoch: [12]  [1700/3615]  eta: 0:13:51  lr: 0.000067  loss: 2.0644 (2.1138)  time: 0.4230  data: 0.0002  max mem: 20652
Epoch: [12]  [1800/3615]  eta: 0:13:08  lr: 0.000067  loss: 2.1479 (2.1130)  time: 0.4270  data: 0.0002  max mem: 20652
Epoch: [12]  [1900/3615]  eta: 0:12:24  lr: 0.000067  loss: 2.3024 (2.1112)  time: 0.4224  data: 0.0002  max mem: 20652
Epoch: [12]  [2000/3615]  eta: 0:11:40  lr: 0.000067  loss: 1.9286 (2.1136)  time: 0.4228  data: 0.0002  max mem: 20652
Epoch: [12]  [2100/3615]  eta: 0:10:57  lr: 0.000067  loss: 1.9542 (2.1136)  time: 0.4498  data: 0.0002  max mem: 20652
Epoch: [12]  [2200/3615]  eta: 0:10:14  lr: 0.000067  loss: 2.2157 (2.1137)  time: 0.4241  data: 0.0002  max mem: 20652
Epoch: [12]  [2300/3615]  eta: 0:09:30  lr: 0.000067  loss: 2.6288 (2.1151)  time: 0.4373  data: 0.0002  max mem: 20652
Epoch: [12]  [2400/3615]  eta: 0:08:47  lr: 0.000067  loss: 1.8887 (2.1160)  time: 0.4537  data: 0.0002  max mem: 20652
Epoch: [12]  [2500/3615]  eta: 0:08:03  lr: 0.000067  loss: 2.5155 (2.1157)  time: 0.4210  data: 0.0002  max mem: 20652
Epoch: [12]  [2600/3615]  eta: 0:07:20  lr: 0.000067  loss: 2.2009 (2.1162)  time: 0.4282  data: 0.0002  max mem: 20652
Epoch: [12]  [2700/3615]  eta: 0:06:36  lr: 0.000067  loss: 2.2194 (2.1160)  time: 0.4410  data: 0.0002  max mem: 20652
Epoch: [12]  [2800/3615]  eta: 0:05:53  lr: 0.000066  loss: 2.4458 (2.1170)  time: 0.4249  data: 0.0002  max mem: 20652
Epoch: [12]  [2900/3615]  eta: 0:05:09  lr: 0.000066  loss: 1.9320 (2.1169)  time: 0.4314  data: 0.0002  max mem: 20652
Epoch: [12]  [3000/3615]  eta: 0:04:26  lr: 0.000066  loss: 1.7687 (2.1155)  time: 0.4399  data: 0.0002  max mem: 20652
Epoch: [12]  [3100/3615]  eta: 0:03:43  lr: 0.000066  loss: 2.3040 (2.1146)  time: 0.4221  data: 0.0002  max mem: 20652
Epoch: [12]  [3200/3615]  eta: 0:02:59  lr: 0.000066  loss: 2.0246 (2.1144)  time: 0.4231  data: 0.0002  max mem: 20652
Epoch: [12]  [3300/3615]  eta: 0:02:16  lr: 0.000066  loss: 2.9091 (2.1148)  time: 0.4352  data: 0.0002  max mem: 20652
Epoch: [12]  [3400/3615]  eta: 0:01:33  lr: 0.000066  loss: 1.8925 (2.1139)  time: 0.4209  data: 0.0002  max mem: 20652
Epoch: [12]  [3500/3615]  eta: 0:00:49  lr: 0.000066  loss: 2.2639 (2.1149)  time: 0.4232  data: 0.0002  max mem: 20652
Epoch: [12]  [3600/3615]  eta: 0:00:06  lr: 0.000066  loss: 2.5545 (2.1151)  time: 0.4481  data: 0.0004  max mem: 20652
Epoch: [12] Total time: 0:26:06
0.862490449576755
Epoch: [13]  [   0/3615]  eta: 4:22:20  lr: 0.000066  loss: 1.8690 (1.8690)  time: 4.3541  data: 3.8834  max mem: 20652
Epoch: [13]  [ 100/3615]  eta: 0:28:03  lr: 0.000066  loss: 2.0496 (2.0740)  time: 0.4297  data: 0.0002  max mem: 20652
Epoch: [13]  [ 200/3615]  eta: 0:25:59  lr: 0.000066  loss: 2.0195 (2.0691)  time: 0.4201  data: 0.0002  max mem: 20652
Epoch: [13]  [ 300/3615]  eta: 0:24:46  lr: 0.000066  loss: 1.8418 (2.0634)  time: 0.4412  data: 0.0002  max mem: 20652
Epoch: [13]  [ 400/3615]  eta: 0:23:42  lr: 0.000066  loss: 1.9601 (2.0673)  time: 0.4250  data: 0.0002  max mem: 20652
Epoch: [13]  [ 500/3615]  eta: 0:22:52  lr: 0.000065  loss: 2.0027 (2.0694)  time: 0.4321  data: 0.0002  max mem: 20652
Epoch: [13]  [ 600/3615]  eta: 0:22:07  lr: 0.000065  loss: 1.8671 (2.0659)  time: 0.4378  data: 0.0002  max mem: 20652
Epoch: [13]  [ 700/3615]  eta: 0:21:18  lr: 0.000065  loss: 1.6980 (2.0622)  time: 0.4371  data: 0.0002  max mem: 20652
Epoch: [13]  [ 800/3615]  eta: 0:20:31  lr: 0.000065  loss: 2.1370 (2.0693)  time: 0.4320  data: 0.0002  max mem: 20652
Epoch: [13]  [ 900/3615]  eta: 0:19:46  lr: 0.000065  loss: 2.1995 (2.0695)  time: 0.4225  data: 0.0002  max mem: 20652
Epoch: [13]  [1000/3615]  eta: 0:19:01  lr: 0.000065  loss: 1.9837 (2.0710)  time: 0.4304  data: 0.0002  max mem: 20652
Epoch: [13]  [1100/3615]  eta: 0:18:16  lr: 0.000065  loss: 1.9431 (2.0734)  time: 0.4189  data: 0.0002  max mem: 20652
Epoch: [13]  [1200/3615]  eta: 0:17:31  lr: 0.000065  loss: 2.1703 (2.0744)  time: 0.4332  data: 0.0002  max mem: 20652
Epoch: [13]  [1300/3615]  eta: 0:16:46  lr: 0.000065  loss: 2.1104 (2.0725)  time: 0.4225  data: 0.0002  max mem: 20652
Epoch: [13]  [1400/3615]  eta: 0:16:02  lr: 0.000065  loss: 2.1058 (2.0759)  time: 0.4376  data: 0.0002  max mem: 20652
Epoch: [13]  [1500/3615]  eta: 0:15:19  lr: 0.000065  loss: 2.0484 (2.0767)  time: 0.4324  data: 0.0002  max mem: 20652
Epoch: [13]  [1600/3615]  eta: 0:14:35  lr: 0.000065  loss: 1.7726 (2.0765)  time: 0.4397  data: 0.0002  max mem: 20652
Epoch: [13]  [1700/3615]  eta: 0:13:51  lr: 0.000065  loss: 2.3652 (2.0762)  time: 0.4311  data: 0.0002  max mem: 20652
Epoch: [13]  [1800/3615]  eta: 0:13:07  lr: 0.000065  loss: 2.0658 (2.0789)  time: 0.4281  data: 0.0002  max mem: 20652
Epoch: [13]  [1900/3615]  eta: 0:12:23  lr: 0.000064  loss: 2.1855 (2.0805)  time: 0.4221  data: 0.0002  max mem: 20652
Epoch: [13]  [2000/3615]  eta: 0:11:40  lr: 0.000064  loss: 2.2381 (2.0813)  time: 0.4444  data: 0.0002  max mem: 20652
Epoch: [13]  [2100/3615]  eta: 0:10:56  lr: 0.000064  loss: 1.9387 (2.0824)  time: 0.4302  data: 0.0002  max mem: 20652
Epoch: [13]  [2200/3615]  eta: 0:10:12  lr: 0.000064  loss: 2.3618 (2.0822)  time: 0.4266  data: 0.0002  max mem: 20652
Epoch: [13]  [2300/3615]  eta: 0:09:29  lr: 0.000064  loss: 2.2605 (2.0840)  time: 0.4266  data: 0.0002  max mem: 20652
Epoch: [13]  [2400/3615]  eta: 0:08:46  lr: 0.000064  loss: 1.5757 (2.0834)  time: 0.4294  data: 0.0002  max mem: 20652
Epoch: [13]  [2500/3615]  eta: 0:08:02  lr: 0.000064  loss: 1.8263 (2.0853)  time: 0.4362  data: 0.0002  max mem: 20652
Epoch: [13]  [2600/3615]  eta: 0:07:19  lr: 0.000064  loss: 2.3342 (2.0879)  time: 0.4348  data: 0.0002  max mem: 20652
Epoch: [13]  [2700/3615]  eta: 0:06:36  lr: 0.000064  loss: 2.2497 (2.0885)  time: 0.4275  data: 0.0002  max mem: 20652
Epoch: [13]  [2800/3615]  eta: 0:05:52  lr: 0.000064  loss: 1.9795 (2.0883)  time: 0.4438  data: 0.0002  max mem: 20652
Epoch: [13]  [2900/3615]  eta: 0:05:09  lr: 0.000064  loss: 1.9792 (2.0872)  time: 0.4358  data: 0.0002  max mem: 20652
Epoch: [13]  [3000/3615]  eta: 0:04:26  lr: 0.000064  loss: 2.3750 (2.0880)  time: 0.4530  data: 0.0002  max mem: 20652
Epoch: [13]  [3100/3615]  eta: 0:03:42  lr: 0.000064  loss: 2.3997 (2.0888)  time: 0.4311  data: 0.0002  max mem: 20652
Epoch: [13]  [3200/3615]  eta: 0:02:59  lr: 0.000063  loss: 1.9800 (2.0891)  time: 0.4197  data: 0.0002  max mem: 20652
Epoch: [13]  [3300/3615]  eta: 0:02:16  lr: 0.000063  loss: 1.9462 (2.0882)  time: 0.4312  data: 0.0002  max mem: 20652
Epoch: [13]  [3400/3615]  eta: 0:01:33  lr: 0.000063  loss: 2.1369 (2.0869)  time: 0.4409  data: 0.0002  max mem: 20652
Epoch: [13]  [3500/3615]  eta: 0:00:49  lr: 0.000063  loss: 2.1859 (2.0876)  time: 0.4411  data: 0.0002  max mem: 20652
Epoch: [13]  [3600/3615]  eta: 0:00:06  lr: 0.000063  loss: 2.2402 (2.0873)  time: 0.4186  data: 0.0004  max mem: 20652
Epoch: [13] Total time: 0:26:04
0.8678015378630324
Epoch: [14]  [   0/3615]  eta: 7:03:34  lr: 0.000063  loss: 2.1697 (2.1697)  time: 7.0304  data: 6.5858  max mem: 20652
Epoch: [14]  [ 100/3615]  eta: 0:29:32  lr: 0.000063  loss: 1.9701 (2.0474)  time: 0.4514  data: 0.0002  max mem: 20652
Epoch: [14]  [ 200/3615]  eta: 0:26:32  lr: 0.000063  loss: 1.6638 (2.0315)  time: 0.4254  data: 0.0002  max mem: 20652
Epoch: [14]  [ 300/3615]  eta: 0:25:08  lr: 0.000063  loss: 2.1277 (2.0531)  time: 0.4234  data: 0.0002  max mem: 20652
Epoch: [14]  [ 400/3615]  eta: 0:24:04  lr: 0.000063  loss: 2.1074 (2.0692)  time: 0.4305  data: 0.0002  max mem: 20652
Epoch: [14]  [ 500/3615]  eta: 0:23:12  lr: 0.000063  loss: 2.1841 (2.0713)  time: 0.4337  data: 0.0002  max mem: 20652
Epoch: [14]  [ 600/3615]  eta: 0:22:19  lr: 0.000063  loss: 2.1701 (2.0697)  time: 0.4216  data: 0.0002  max mem: 20652
Epoch: [14]  [ 700/3615]  eta: 0:21:31  lr: 0.000063  loss: 1.9305 (2.0651)  time: 0.4273  data: 0.0002  max mem: 20652
Epoch: [14]  [ 800/3615]  eta: 0:20:42  lr: 0.000063  loss: 2.0180 (2.0658)  time: 0.4327  data: 0.0002  max mem: 20652
Epoch: [14]  [ 900/3615]  eta: 0:19:55  lr: 0.000062  loss: 1.9578 (2.0689)  time: 0.4242  data: 0.0002  max mem: 20652
Epoch: [14]  [1000/3615]  eta: 0:19:10  lr: 0.000062  loss: 2.0455 (2.0691)  time: 0.4391  data: 0.0002  max mem: 20652
Epoch: [14]  [1100/3615]  eta: 0:18:24  lr: 0.000062  loss: 2.4558 (2.0667)  time: 0.4323  data: 0.0002  max mem: 20652
Epoch: [14]  [1200/3615]  eta: 0:17:38  lr: 0.000062  loss: 1.5713 (2.0623)  time: 0.4384  data: 0.0002  max mem: 20652
Epoch: [14]  [1300/3615]  eta: 0:16:53  lr: 0.000062  loss: 1.9052 (2.0611)  time: 0.4280  data: 0.0002  max mem: 20652
Epoch: [14]  [1400/3615]  eta: 0:16:08  lr: 0.000062  loss: 2.1600 (2.0624)  time: 0.4493  data: 0.0002  max mem: 20652
Epoch: [14]  [1500/3615]  eta: 0:15:24  lr: 0.000062  loss: 1.9403 (2.0641)  time: 0.4437  data: 0.0002  max mem: 20652
Epoch: [14]  [1600/3615]  eta: 0:14:40  lr: 0.000062  loss: 2.0422 (2.0621)  time: 0.4394  data: 0.0002  max mem: 20652
Epoch: [14]  [1700/3615]  eta: 0:13:56  lr: 0.000062  loss: 2.2200 (2.0618)  time: 0.4322  data: 0.0002  max mem: 20652
Epoch: [14]  [1800/3615]  eta: 0:13:12  lr: 0.000062  loss: 2.1131 (2.0617)  time: 0.4272  data: 0.0002  max mem: 20652
Epoch: [14]  [1900/3615]  eta: 0:12:28  lr: 0.000062  loss: 1.8974 (2.0603)  time: 0.4211  data: 0.0002  max mem: 20652
Epoch: [14]  [2000/3615]  eta: 0:11:44  lr: 0.000062  loss: 2.0339 (2.0596)  time: 0.4247  data: 0.0002  max mem: 20652
Epoch: [14]  [2100/3615]  eta: 0:11:00  lr: 0.000062  loss: 2.2512 (2.0603)  time: 0.4297  data: 0.0002  max mem: 20652
Epoch: [14]  [2200/3615]  eta: 0:10:17  lr: 0.000061  loss: 1.9448 (2.0601)  time: 0.4289  data: 0.0002  max mem: 20652
Epoch: [14]  [2300/3615]  eta: 0:09:33  lr: 0.000061  loss: 2.3963 (2.0602)  time: 0.4362  data: 0.0002  max mem: 20652
Epoch: [14]  [2400/3615]  eta: 0:08:49  lr: 0.000061  loss: 2.3235 (2.0599)  time: 0.4455  data: 0.0002  max mem: 20652
Epoch: [14]  [2500/3615]  eta: 0:08:05  lr: 0.000061  loss: 2.0865 (2.0616)  time: 0.4406  data: 0.0002  max mem: 20652
Epoch: [14]  [2600/3615]  eta: 0:07:22  lr: 0.000061  loss: 2.2029 (2.0626)  time: 0.4367  data: 0.0002  max mem: 20652
Epoch: [14]  [2700/3615]  eta: 0:06:38  lr: 0.000061  loss: 1.9974 (2.0630)  time: 0.4313  data: 0.0002  max mem: 20652
Epoch: [14]  [2800/3615]  eta: 0:05:54  lr: 0.000061  loss: 2.2286 (2.0634)  time: 0.4223  data: 0.0002  max mem: 20652
Epoch: [14]  [2900/3615]  eta: 0:05:11  lr: 0.000061  loss: 2.2319 (2.0638)  time: 0.4248  data: 0.0002  max mem: 20652
Epoch: [14]  [3000/3615]  eta: 0:04:27  lr: 0.000061  loss: 2.1967 (2.0651)  time: 0.4287  data: 0.0002  max mem: 20652
Epoch: [14]  [3100/3615]  eta: 0:03:44  lr: 0.000061  loss: 2.0563 (2.0647)  time: 0.4299  data: 0.0002  max mem: 20652
Epoch: [14]  [3200/3615]  eta: 0:03:00  lr: 0.000061  loss: 2.0450 (2.0634)  time: 0.4313  data: 0.0002  max mem: 20652
Epoch: [14]  [3300/3615]  eta: 0:02:16  lr: 0.000061  loss: 2.0985 (2.0634)  time: 0.4285  data: 0.0002  max mem: 20652
Epoch: [14]  [3400/3615]  eta: 0:01:33  lr: 0.000061  loss: 2.1936 (2.0644)  time: 0.4392  data: 0.0002  max mem: 20652
Epoch: [14]  [3500/3615]  eta: 0:00:50  lr: 0.000061  loss: 2.4025 (2.0647)  time: 0.4295  data: 0.0002  max mem: 20652
Epoch: [14]  [3600/3615]  eta: 0:00:06  lr: 0.000060  loss: 2.0041 (2.0645)  time: 0.4520  data: 0.0004  max mem: 20652
Epoch: [14] Total time: 0:26:12
0.8725783447618236
Epoch: [15]  [   0/3615]  eta: 5:30:06  lr: 0.000060  loss: 2.3213 (2.3213)  time: 5.4791  data: 5.0104  max mem: 20652
Epoch: [15]  [ 100/3615]  eta: 0:28:24  lr: 0.000060  loss: 1.6966 (2.0234)  time: 0.4352  data: 0.0002  max mem: 20652
Epoch: [15]  [ 200/3615]  eta: 0:25:54  lr: 0.000060  loss: 2.0799 (2.0222)  time: 0.4256  data: 0.0002  max mem: 20652
Epoch: [15]  [ 300/3615]  eta: 0:24:40  lr: 0.000060  loss: 2.2331 (2.0367)  time: 0.4187  data: 0.0002  max mem: 20652
Epoch: [15]  [ 400/3615]  eta: 0:23:42  lr: 0.000060  loss: 2.5508 (2.0347)  time: 0.4383  data: 0.0002  max mem: 20652
Epoch: [15]  [ 500/3615]  eta: 0:22:47  lr: 0.000060  loss: 2.0219 (2.0320)  time: 0.4217  data: 0.0002  max mem: 20652
Epoch: [15]  [ 600/3615]  eta: 0:21:59  lr: 0.000060  loss: 2.0429 (2.0313)  time: 0.4366  data: 0.0002  max mem: 20652
Epoch: [15]  [ 700/3615]  eta: 0:21:10  lr: 0.000060  loss: 2.0049 (2.0271)  time: 0.4288  data: 0.0002  max mem: 20652
Epoch: [15]  [ 800/3615]  eta: 0:20:24  lr: 0.000060  loss: 1.9365 (2.0274)  time: 0.4271  data: 0.0002  max mem: 20652
Epoch: [15]  [ 900/3615]  eta: 0:19:38  lr: 0.000060  loss: 2.2858 (2.0287)  time: 0.4254  data: 0.0002  max mem: 20652
Epoch: [15]  [1000/3615]  eta: 0:18:54  lr: 0.000060  loss: 1.9142 (2.0292)  time: 0.4385  data: 0.0002  max mem: 20652
Epoch: [15]  [1100/3615]  eta: 0:18:11  lr: 0.000060  loss: 1.6308 (2.0325)  time: 0.4243  data: 0.0002  max mem: 20652
Epoch: [15]  [1200/3615]  eta: 0:17:27  lr: 0.000060  loss: 2.0768 (2.0351)  time: 0.4314  data: 0.0002  max mem: 20652
Epoch: [15]  [1300/3615]  eta: 0:16:43  lr: 0.000059  loss: 2.0412 (2.0385)  time: 0.4313  data: 0.0002  max mem: 20652
Epoch: [15]  [1400/3615]  eta: 0:15:59  lr: 0.000059  loss: 1.7718 (2.0374)  time: 0.4526  data: 0.0002  max mem: 20652
Epoch: [15]  [1500/3615]  eta: 0:15:16  lr: 0.000059  loss: 2.0721 (2.0370)  time: 0.4202  data: 0.0002  max mem: 20652
Epoch: [15]  [1600/3615]  eta: 0:14:32  lr: 0.000059  loss: 2.3633 (2.0380)  time: 0.4379  data: 0.0002  max mem: 20652
Epoch: [15]  [1700/3615]  eta: 0:13:49  lr: 0.000059  loss: 2.0911 (2.0375)  time: 0.4368  data: 0.0002  max mem: 20652
Epoch: [15]  [1800/3615]  eta: 0:13:06  lr: 0.000059  loss: 2.0575 (2.0370)  time: 0.4257  data: 0.0002  max mem: 20652
Epoch: [15]  [1900/3615]  eta: 0:12:22  lr: 0.000059  loss: 2.0738 (2.0378)  time: 0.4258  data: 0.0002  max mem: 20652
Epoch: [15]  [2000/3615]  eta: 0:11:38  lr: 0.000059  loss: 1.8281 (2.0370)  time: 0.4221  data: 0.0002  max mem: 20652
Epoch: [15]  [2100/3615]  eta: 0:10:55  lr: 0.000059  loss: 1.8430 (2.0358)  time: 0.4261  data: 0.0002  max mem: 20652
Epoch: [15]  [2200/3615]  eta: 0:10:12  lr: 0.000059  loss: 1.7912 (2.0353)  time: 0.4553  data: 0.0003  max mem: 20652
Epoch: [15]  [2300/3615]  eta: 0:09:29  lr: 0.000059  loss: 1.8388 (2.0365)  time: 0.4280  data: 0.0002  max mem: 20652
Epoch: [15]  [2400/3615]  eta: 0:08:45  lr: 0.000059  loss: 1.6967 (2.0360)  time: 0.4214  data: 0.0002  max mem: 20652
Epoch: [15]  [2500/3615]  eta: 0:08:02  lr: 0.000059  loss: 1.8972 (2.0375)  time: 0.4296  data: 0.0002  max mem: 20652
Epoch: [15]  [2600/3615]  eta: 0:07:19  lr: 0.000058  loss: 2.0050 (2.0391)  time: 0.4253  data: 0.0002  max mem: 20652
Epoch: [15]  [2700/3615]  eta: 0:06:35  lr: 0.000058  loss: 2.4845 (2.0396)  time: 0.4272  data: 0.0002  max mem: 20652
Epoch: [15]  [2800/3615]  eta: 0:05:52  lr: 0.000058  loss: 2.1116 (2.0395)  time: 0.4377  data: 0.0002  max mem: 20652
Epoch: [15]  [2900/3615]  eta: 0:05:09  lr: 0.000058  loss: 1.7659 (2.0401)  time: 0.4254  data: 0.0002  max mem: 20652
Epoch: [15]  [3000/3615]  eta: 0:04:26  lr: 0.000058  loss: 2.2111 (2.0401)  time: 0.4378  data: 0.0008  max mem: 20652
Epoch: [15]  [3100/3615]  eta: 0:03:42  lr: 0.000058  loss: 1.7932 (2.0403)  time: 0.4417  data: 0.0002  max mem: 20652
Epoch: [15]  [3200/3615]  eta: 0:02:59  lr: 0.000058  loss: 2.2344 (2.0405)  time: 0.4286  data: 0.0002  max mem: 20652
Epoch: [15]  [3300/3615]  eta: 0:02:16  lr: 0.000058  loss: 1.7968 (2.0405)  time: 0.4194  data: 0.0002  max mem: 20652
Epoch: [15]  [3400/3615]  eta: 0:01:32  lr: 0.000058  loss: 1.7343 (2.0417)  time: 0.4282  data: 0.0002  max mem: 20652
Epoch: [15]  [3500/3615]  eta: 0:00:49  lr: 0.000058  loss: 1.9910 (2.0418)  time: 0.4287  data: 0.0002  max mem: 20652
Epoch: [15]  [3600/3615]  eta: 0:00:06  lr: 0.000058  loss: 2.0097 (2.0417)  time: 0.4422  data: 0.0009  max mem: 20652
Epoch: [15] Total time: 0:26:04
0.8768786276428014
Epoch: [16]  [   0/3615]  eta: 5:51:20  lr: 0.000058  loss: 1.8146 (1.8146)  time: 5.8315  data: 5.1637  max mem: 20652
Epoch: [16]  [ 100/3615]  eta: 0:28:12  lr: 0.000058  loss: 1.8687 (2.0360)  time: 0.4196  data: 0.0002  max mem: 20652
Epoch: [16]  [ 200/3615]  eta: 0:26:00  lr: 0.000058  loss: 1.7293 (2.0185)  time: 0.4396  data: 0.0002  max mem: 20652
Epoch: [16]  [ 300/3615]  eta: 0:24:38  lr: 0.000057  loss: 2.0242 (2.0154)  time: 0.4232  data: 0.0002  max mem: 20652
Epoch: [16]  [ 400/3615]  eta: 0:23:41  lr: 0.000057  loss: 2.0377 (2.0187)  time: 0.4257  data: 0.0002  max mem: 20652
Epoch: [16]  [ 500/3615]  eta: 0:22:48  lr: 0.000057  loss: 2.0832 (2.0229)  time: 0.4300  data: 0.0002  max mem: 20652
Epoch: [16]  [ 600/3615]  eta: 0:21:58  lr: 0.000057  loss: 1.9739 (2.0225)  time: 0.4339  data: 0.0002  max mem: 20652
Epoch: [16]  [ 700/3615]  eta: 0:21:12  lr: 0.000057  loss: 1.8862 (2.0210)  time: 0.4462  data: 0.0002  max mem: 20652
Epoch: [16]  [ 800/3615]  eta: 0:20:27  lr: 0.000057  loss: 1.7361 (2.0243)  time: 0.4335  data: 0.0002  max mem: 20652
Epoch: [16]  [ 900/3615]  eta: 0:19:41  lr: 0.000057  loss: 1.8011 (2.0206)  time: 0.4203  data: 0.0002  max mem: 20652
Epoch: [16]  [1000/3615]  eta: 0:18:57  lr: 0.000057  loss: 2.5674 (2.0203)  time: 0.4396  data: 0.0002  max mem: 20652
Epoch: [16]  [1100/3615]  eta: 0:18:13  lr: 0.000057  loss: 1.8477 (2.0155)  time: 0.4357  data: 0.0002  max mem: 20652
Epoch: [16]  [1200/3615]  eta: 0:17:30  lr: 0.000057  loss: 1.9962 (2.0161)  time: 0.4436  data: 0.0002  max mem: 20652
Epoch: [16]  [1300/3615]  eta: 0:16:45  lr: 0.000057  loss: 1.8189 (2.0147)  time: 0.4390  data: 0.0002  max mem: 20652
Epoch: [16]  [1400/3615]  eta: 0:16:02  lr: 0.000057  loss: 1.7796 (2.0202)  time: 0.4359  data: 0.0002  max mem: 20652
Epoch: [16]  [1500/3615]  eta: 0:15:19  lr: 0.000057  loss: 1.9013 (2.0207)  time: 0.4282  data: 0.0002  max mem: 20652
Epoch: [16]  [1600/3615]  eta: 0:14:35  lr: 0.000056  loss: 2.1963 (2.0224)  time: 0.4246  data: 0.0002  max mem: 20652
Epoch: [16]  [1700/3615]  eta: 0:13:51  lr: 0.000056  loss: 1.8135 (2.0209)  time: 0.4318  data: 0.0002  max mem: 20652
Epoch: [16]  [1800/3615]  eta: 0:13:08  lr: 0.000056  loss: 1.7923 (2.0223)  time: 0.4364  data: 0.0002  max mem: 20652
Epoch: [16]  [1900/3615]  eta: 0:12:24  lr: 0.000056  loss: 2.1435 (2.0219)  time: 0.4256  data: 0.0002  max mem: 20652
Epoch: [16]  [2000/3615]  eta: 0:11:41  lr: 0.000056  loss: 1.7023 (2.0226)  time: 0.4231  data: 0.0002  max mem: 20652
Epoch: [16]  [2100/3615]  eta: 0:10:57  lr: 0.000056  loss: 1.4236 (2.0210)  time: 0.4239  data: 0.0002  max mem: 20652
Epoch: [16]  [2200/3615]  eta: 0:10:13  lr: 0.000056  loss: 2.1350 (2.0205)  time: 0.4313  data: 0.0002  max mem: 20652
Epoch: [16]  [2300/3615]  eta: 0:09:30  lr: 0.000056  loss: 1.9197 (2.0221)  time: 0.4248  data: 0.0002  max mem: 20652
Epoch: [16]  [2400/3615]  eta: 0:08:47  lr: 0.000056  loss: 2.3957 (2.0235)  time: 0.4459  data: 0.0002  max mem: 20652
Epoch: [16]  [2500/3615]  eta: 0:08:03  lr: 0.000056  loss: 1.9462 (2.0230)  time: 0.4257  data: 0.0002  max mem: 20652
Epoch: [16]  [2600/3615]  eta: 0:07:20  lr: 0.000056  loss: 2.0142 (2.0231)  time: 0.4271  data: 0.0002  max mem: 20652
Epoch: [16]  [2700/3615]  eta: 0:06:36  lr: 0.000056  loss: 1.7804 (2.0223)  time: 0.4357  data: 0.0002  max mem: 20652
Epoch: [16]  [2800/3615]  eta: 0:05:53  lr: 0.000056  loss: 2.1620 (2.0222)  time: 0.4245  data: 0.0002  max mem: 20652
Epoch: [16]  [2900/3615]  eta: 0:05:10  lr: 0.000056  loss: 2.0605 (2.0218)  time: 0.4245  data: 0.0002  max mem: 20652
Epoch: [16]  [3000/3615]  eta: 0:04:26  lr: 0.000055  loss: 2.0252 (2.0222)  time: 0.4341  data: 0.0002  max mem: 20652
Epoch: [16]  [3100/3615]  eta: 0:03:43  lr: 0.000055  loss: 1.8670 (2.0212)  time: 0.4212  data: 0.0002  max mem: 20652
Epoch: [16]  [3200/3615]  eta: 0:03:00  lr: 0.000055  loss: 2.2337 (2.0211)  time: 0.4471  data: 0.0002  max mem: 20652
Epoch: [16]  [3300/3615]  eta: 0:02:16  lr: 0.000055  loss: 1.7958 (2.0211)  time: 0.4466  data: 0.0002  max mem: 20652
Epoch: [16]  [3400/3615]  eta: 0:01:33  lr: 0.000055  loss: 2.3636 (2.0211)  time: 0.4364  data: 0.0002  max mem: 20652
Epoch: [16]  [3500/3615]  eta: 0:00:49  lr: 0.000055  loss: 2.1106 (2.0202)  time: 0.4308  data: 0.0002  max mem: 20652
Epoch: [16]  [3600/3615]  eta: 0:00:06  lr: 0.000055  loss: 1.7493 (2.0201)  time: 0.4230  data: 0.0004  max mem: 20652
Epoch: [16] Total time: 0:26:07
0.880895447286519
Epoch: [17]  [   0/3615]  eta: 4:00:14  lr: 0.000055  loss: 1.7510 (1.7510)  time: 3.9874  data: 3.5199  max mem: 20652
Epoch: [17]  [ 100/3615]  eta: 0:27:38  lr: 0.000055  loss: 2.0732 (2.0215)  time: 0.4219  data: 0.0002  max mem: 20652
Epoch: [17]  [ 200/3615]  eta: 0:25:29  lr: 0.000055  loss: 2.0182 (2.0180)  time: 0.4254  data: 0.0002  max mem: 20652
Epoch: [17]  [ 300/3615]  eta: 0:24:28  lr: 0.000055  loss: 1.9258 (2.0122)  time: 0.4261  data: 0.0002  max mem: 20652
Epoch: [17]  [ 400/3615]  eta: 0:23:41  lr: 0.000055  loss: 1.9159 (2.0161)  time: 0.4379  data: 0.0002  max mem: 20652
Epoch: [17]  [ 500/3615]  eta: 0:22:50  lr: 0.000055  loss: 2.0103 (2.0131)  time: 0.4202  data: 0.0002  max mem: 20652
Epoch: [17]  [ 600/3615]  eta: 0:22:02  lr: 0.000055  loss: 2.0889 (2.0171)  time: 0.4268  data: 0.0002  max mem: 20652
Epoch: [17]  [ 700/3615]  eta: 0:21:15  lr: 0.000054  loss: 1.9509 (2.0109)  time: 0.4184  data: 0.0002  max mem: 20652
Epoch: [17]  [ 800/3615]  eta: 0:20:30  lr: 0.000054  loss: 1.8179 (2.0090)  time: 0.4322  data: 0.0002  max mem: 20652
Epoch: [17]  [ 900/3615]  eta: 0:19:45  lr: 0.000054  loss: 1.9356 (2.0068)  time: 0.4365  data: 0.0002  max mem: 20652
Epoch: [17]  [1000/3615]  eta: 0:19:00  lr: 0.000054  loss: 2.0469 (2.0053)  time: 0.4348  data: 0.0002  max mem: 20652
Epoch: [17]  [1100/3615]  eta: 0:18:15  lr: 0.000054  loss: 2.1573 (2.0036)  time: 0.4380  data: 0.0002  max mem: 20652
Epoch: [17]  [1200/3615]  eta: 0:17:31  lr: 0.000054  loss: 2.1992 (2.0039)  time: 0.4339  data: 0.0002  max mem: 20652
Epoch: [17]  [1300/3615]  eta: 0:16:48  lr: 0.000054  loss: 1.9098 (2.0016)  time: 0.4279  data: 0.0002  max mem: 20652
Epoch: [17]  [1400/3615]  eta: 0:16:04  lr: 0.000054  loss: 1.7720 (2.0009)  time: 0.4295  data: 0.0002  max mem: 20652
Epoch: [17]  [1500/3615]  eta: 0:15:21  lr: 0.000054  loss: 1.9706 (1.9996)  time: 0.4491  data: 0.0003  max mem: 20652
Epoch: [17]  [1600/3615]  eta: 0:14:37  lr: 0.000054  loss: 1.8781 (2.0008)  time: 0.4444  data: 0.0002  max mem: 20652
Epoch: [17]  [1700/3615]  eta: 0:13:53  lr: 0.000054  loss: 2.0447 (2.0012)  time: 0.4247  data: 0.0002  max mem: 20652
Epoch: [17]  [1800/3615]  eta: 0:13:08  lr: 0.000054  loss: 1.9308 (2.0016)  time: 0.4254  data: 0.0002  max mem: 20652
Epoch: [17]  [1900/3615]  eta: 0:12:25  lr: 0.000054  loss: 1.9391 (2.0010)  time: 0.4270  data: 0.0002  max mem: 20652
Epoch: [17]  [2000/3615]  eta: 0:11:42  lr: 0.000053  loss: 1.9900 (2.0014)  time: 0.4525  data: 0.0002  max mem: 20652
Epoch: [17]  [2100/3615]  eta: 0:10:59  lr: 0.000053  loss: 2.3392 (2.0022)  time: 0.4209  data: 0.0002  max mem: 20652
Epoch: [17]  [2200/3615]  eta: 0:10:14  lr: 0.000053  loss: 1.8642 (2.0026)  time: 0.4267  data: 0.0002  max mem: 20652
Epoch: [17]  [2300/3615]  eta: 0:09:31  lr: 0.000053  loss: 2.1067 (2.0023)  time: 0.4334  data: 0.0002  max mem: 20652
Epoch: [17]  [2400/3615]  eta: 0:08:47  lr: 0.000053  loss: 2.1377 (2.0028)  time: 0.4378  data: 0.0002  max mem: 20652
Epoch: [17]  [2500/3615]  eta: 0:08:04  lr: 0.000053  loss: 2.1064 (2.0019)  time: 0.4388  data: 0.0002  max mem: 20652
Epoch: [17]  [2600/3615]  eta: 0:07:21  lr: 0.000053  loss: 1.8540 (2.0001)  time: 0.4391  data: 0.0002  max mem: 20652
Epoch: [17]  [2700/3615]  eta: 0:06:37  lr: 0.000053  loss: 1.8531 (1.9998)  time: 0.4188  data: 0.0002  max mem: 20652
Epoch: [17]  [2800/3615]  eta: 0:05:54  lr: 0.000053  loss: 1.8461 (1.9987)  time: 0.4269  data: 0.0002  max mem: 20652
Epoch: [17]  [2900/3615]  eta: 0:05:10  lr: 0.000053  loss: 2.2302 (1.9993)  time: 0.4235  data: 0.0002  max mem: 20652
Epoch: [17]  [3000/3615]  eta: 0:04:26  lr: 0.000053  loss: 1.8606 (1.9990)  time: 0.4356  data: 0.0002  max mem: 20652
Epoch: [17]  [3100/3615]  eta: 0:03:43  lr: 0.000053  loss: 2.3208 (1.9984)  time: 0.4255  data: 0.0002  max mem: 20652
Epoch: [17]  [3200/3615]  eta: 0:02:59  lr: 0.000053  loss: 1.7684 (1.9991)  time: 0.4366  data: 0.0002  max mem: 20652
Epoch: [17]  [3300/3615]  eta: 0:02:16  lr: 0.000052  loss: 2.3566 (1.9988)  time: 0.4231  data: 0.0002  max mem: 20652
Epoch: [17]  [3400/3615]  eta: 0:01:33  lr: 0.000052  loss: 2.1646 (1.9988)  time: 0.4348  data: 0.0002  max mem: 20652
Epoch: [17]  [3500/3615]  eta: 0:00:49  lr: 0.000052  loss: 2.2916 (1.9991)  time: 0.4241  data: 0.0002  max mem: 20652
Epoch: [17]  [3600/3615]  eta: 0:00:06  lr: 0.000052  loss: 2.1011 (1.9992)  time: 0.4181  data: 0.0004  max mem: 20652
Epoch: [17] Total time: 0:26:06
0.8853157179657848
Epoch: [18]  [   0/3615]  eta: 5:34:28  lr: 0.000052  loss: 2.0137 (2.0137)  time: 5.5515  data: 5.0852  max mem: 20652
Epoch: [18]  [ 100/3615]  eta: 0:28:21  lr: 0.000052  loss: 2.3602 (2.0308)  time: 0.4287  data: 0.0002  max mem: 20652
Epoch: [18]  [ 200/3615]  eta: 0:25:58  lr: 0.000052  loss: 1.7944 (2.0142)  time: 0.4268  data: 0.0002  max mem: 20652
Epoch: [18]  [ 300/3615]  eta: 0:24:39  lr: 0.000052  loss: 1.8281 (1.9976)  time: 0.4253  data: 0.0002  max mem: 20652
Epoch: [18]  [ 400/3615]  eta: 0:23:44  lr: 0.000052  loss: 1.8714 (1.9894)  time: 0.4437  data: 0.0002  max mem: 20652
Epoch: [18]  [ 500/3615]  eta: 0:22:51  lr: 0.000052  loss: 1.9174 (1.9833)  time: 0.4291  data: 0.0002  max mem: 20652
Epoch: [18]  [ 600/3615]  eta: 0:22:01  lr: 0.000052  loss: 1.6697 (1.9762)  time: 0.4261  data: 0.0002  max mem: 20652
Epoch: [18]  [ 700/3615]  eta: 0:21:15  lr: 0.000052  loss: 2.0424 (1.9792)  time: 0.4295  data: 0.0002  max mem: 20652
Epoch: [18]  [ 800/3615]  eta: 0:20:32  lr: 0.000052  loss: 2.0869 (1.9778)  time: 0.4297  data: 0.0002  max mem: 20652
Epoch: [18]  [ 900/3615]  eta: 0:19:47  lr: 0.000052  loss: 1.9847 (1.9743)  time: 0.4287  data: 0.0002  max mem: 20652
Epoch: [18]  [1000/3615]  eta: 0:19:03  lr: 0.000051  loss: 1.7968 (1.9727)  time: 0.4407  data: 0.0002  max mem: 20652
Epoch: [18]  [1100/3615]  eta: 0:18:18  lr: 0.000051  loss: 2.1226 (1.9742)  time: 0.4371  data: 0.0002  max mem: 20652
Epoch: [18]  [1200/3615]  eta: 0:17:34  lr: 0.000051  loss: 1.6870 (1.9771)  time: 0.4370  data: 0.0002  max mem: 20652
Epoch: [18]  [1300/3615]  eta: 0:16:50  lr: 0.000051  loss: 2.0447 (1.9780)  time: 0.4358  data: 0.0002  max mem: 20652
Epoch: [18]  [1400/3615]  eta: 0:16:05  lr: 0.000051  loss: 1.8510 (1.9778)  time: 0.4594  data: 0.0002  max mem: 20652
Epoch: [18]  [1500/3615]  eta: 0:15:22  lr: 0.000051  loss: 2.1363 (1.9777)  time: 0.4275  data: 0.0002  max mem: 20652
Epoch: [18]  [1600/3615]  eta: 0:14:38  lr: 0.000051  loss: 2.5958 (1.9796)  time: 0.4199  data: 0.0002  max mem: 20652
Epoch: [18]  [1700/3615]  eta: 0:13:53  lr: 0.000051  loss: 2.0881 (1.9817)  time: 0.4198  data: 0.0002  max mem: 20652
Epoch: [18]  [1800/3615]  eta: 0:13:10  lr: 0.000051  loss: 1.8464 (1.9801)  time: 0.4427  data: 0.0002  max mem: 20652
Epoch: [18]  [1900/3615]  eta: 0:12:26  lr: 0.000051  loss: 2.1470 (1.9802)  time: 0.4507  data: 0.0002  max mem: 20652
Epoch: [18]  [2000/3615]  eta: 0:11:43  lr: 0.000051  loss: 1.8681 (1.9811)  time: 0.4207  data: 0.0002  max mem: 20652
Epoch: [18]  [2100/3615]  eta: 0:10:59  lr: 0.000051  loss: 1.8919 (1.9809)  time: 0.4193  data: 0.0002  max mem: 20652
Epoch: [18]  [2200/3615]  eta: 0:10:15  lr: 0.000051  loss: 2.0066 (1.9797)  time: 0.4399  data: 0.0002  max mem: 20652
Epoch: [18]  [2300/3615]  eta: 0:09:31  lr: 0.000050  loss: 1.6770 (1.9809)  time: 0.4285  data: 0.0002  max mem: 20652
Epoch: [18]  [2400/3615]  eta: 0:08:48  lr: 0.000050  loss: 2.2418 (1.9810)  time: 0.4378  data: 0.0002  max mem: 20652
Epoch: [18]  [2500/3615]  eta: 0:08:04  lr: 0.000050  loss: 2.0742 (1.9808)  time: 0.4297  data: 0.0002  max mem: 20652
Epoch: [18]  [2600/3615]  eta: 0:07:21  lr: 0.000050  loss: 1.9978 (1.9809)  time: 0.4245  data: 0.0002  max mem: 20652
Epoch: [18]  [2700/3615]  eta: 0:06:37  lr: 0.000050  loss: 1.8239 (1.9799)  time: 0.4264  data: 0.0002  max mem: 20652
Epoch: [18]  [2800/3615]  eta: 0:05:54  lr: 0.000050  loss: 2.3183 (1.9812)  time: 0.4270  data: 0.0002  max mem: 20652
Epoch: [18]  [2900/3615]  eta: 0:05:10  lr: 0.000050  loss: 1.8920 (1.9811)  time: 0.4298  data: 0.0002  max mem: 20652
Epoch: [18]  [3000/3615]  eta: 0:04:27  lr: 0.000050  loss: 1.9676 (1.9821)  time: 0.4504  data: 0.0002  max mem: 20652
Epoch: [18]  [3100/3615]  eta: 0:03:43  lr: 0.000050  loss: 2.1703 (1.9823)  time: 0.4284  data: 0.0002  max mem: 20652
Epoch: [18]  [3200/3615]  eta: 0:03:00  lr: 0.000050  loss: 2.0969 (1.9818)  time: 0.4332  data: 0.0002  max mem: 20652
Epoch: [18]  [3300/3615]  eta: 0:02:16  lr: 0.000050  loss: 2.1893 (1.9816)  time: 0.4292  data: 0.0002  max mem: 20652
Epoch: [18]  [3400/3615]  eta: 0:01:33  lr: 0.000050  loss: 2.0346 (1.9832)  time: 0.4355  data: 0.0002  max mem: 20652
Epoch: [18]  [3500/3615]  eta: 0:00:49  lr: 0.000050  loss: 1.8848 (1.9836)  time: 0.4209  data: 0.0002  max mem: 20652
Epoch: [18]  [3600/3615]  eta: 0:00:06  lr: 0.000049  loss: 1.6046 (1.9825)  time: 0.4320  data: 0.0004  max mem: 20652
Epoch: [18] Total time: 0:26:08
0.8882225523490721
Epoch: [19]  [   0/3615]  eta: 3:28:16  lr: 0.000049  loss: 2.1506 (2.1506)  time: 3.4568  data: 2.9545  max mem: 20652
Epoch: [19]  [ 100/3615]  eta: 0:28:41  lr: 0.000049  loss: 2.0135 (1.9866)  time: 0.4304  data: 0.0002  max mem: 20652
Epoch: [19]  [ 200/3615]  eta: 0:26:08  lr: 0.000049  loss: 2.5369 (1.9834)  time: 0.4325  data: 0.0002  max mem: 20652
Epoch: [19]  [ 300/3615]  eta: 0:24:57  lr: 0.000049  loss: 2.0154 (1.9791)  time: 0.4321  data: 0.0002  max mem: 20652
Epoch: [19]  [ 400/3615]  eta: 0:23:54  lr: 0.000049  loss: 2.0663 (1.9720)  time: 0.4534  data: 0.0002  max mem: 20652
Epoch: [19]  [ 500/3615]  eta: 0:23:01  lr: 0.000049  loss: 2.2258 (1.9694)  time: 0.4515  data: 0.0002  max mem: 20652
Epoch: [19]  [ 600/3615]  eta: 0:22:10  lr: 0.000049  loss: 1.9989 (1.9733)  time: 0.4340  data: 0.0002  max mem: 20652
Epoch: [19]  [ 700/3615]  eta: 0:21:20  lr: 0.000049  loss: 1.8464 (1.9749)  time: 0.4308  data: 0.0002  max mem: 20652
Epoch: [19]  [ 800/3615]  eta: 0:20:34  lr: 0.000049  loss: 1.9035 (1.9705)  time: 0.4337  data: 0.0002  max mem: 20652
Epoch: [19]  [ 900/3615]  eta: 0:19:47  lr: 0.000049  loss: 1.8390 (1.9742)  time: 0.4311  data: 0.0002  max mem: 20652
Epoch: [19]  [1000/3615]  eta: 0:19:02  lr: 0.000049  loss: 2.1940 (1.9731)  time: 0.4233  data: 0.0002  max mem: 20652
Epoch: [19]  [1100/3615]  eta: 0:18:16  lr: 0.000049  loss: 2.0858 (1.9700)  time: 0.4328  data: 0.0002  max mem: 20652
Epoch: [19]  [1200/3615]  eta: 0:17:30  lr: 0.000049  loss: 1.7631 (1.9691)  time: 0.4252  data: 0.0002  max mem: 20652
Epoch: [19]  [1300/3615]  eta: 0:16:46  lr: 0.000048  loss: 1.7288 (1.9669)  time: 0.4244  data: 0.0002  max mem: 20652
Epoch: [19]  [1400/3615]  eta: 0:16:02  lr: 0.000048  loss: 2.0138 (1.9675)  time: 0.4345  data: 0.0002  max mem: 20652
Epoch: [19]  [1500/3615]  eta: 0:15:18  lr: 0.000048  loss: 1.8909 (1.9685)  time: 0.4253  data: 0.0002  max mem: 20652
Epoch: [19]  [1600/3615]  eta: 0:14:34  lr: 0.000048  loss: 1.8424 (1.9650)  time: 0.4242  data: 0.0002  max mem: 20652
Epoch: [19]  [1700/3615]  eta: 0:13:51  lr: 0.000048  loss: 2.0695 (1.9668)  time: 0.4258  data: 0.0002  max mem: 20652
Epoch: [19]  [1800/3615]  eta: 0:13:07  lr: 0.000048  loss: 1.8484 (1.9665)  time: 0.4304  data: 0.0002  max mem: 20652
Epoch: [19]  [1900/3615]  eta: 0:12:24  lr: 0.000048  loss: 1.8875 (1.9663)  time: 0.4497  data: 0.0002  max mem: 20652
Epoch: [19]  [2000/3615]  eta: 0:11:40  lr: 0.000048  loss: 1.6159 (1.9653)  time: 0.4283  data: 0.0002  max mem: 20652
Epoch: [19]  [2100/3615]  eta: 0:10:56  lr: 0.000048  loss: 2.0929 (1.9641)  time: 0.4247  data: 0.0002  max mem: 20652
Epoch: [19]  [2200/3615]  eta: 0:10:13  lr: 0.000048  loss: 2.1586 (1.9642)  time: 0.4264  data: 0.0002  max mem: 20652
Epoch: [19]  [2300/3615]  eta: 0:09:29  lr: 0.000048  loss: 2.1284 (1.9642)  time: 0.4264  data: 0.0002  max mem: 20652
Epoch: [19]  [2400/3615]  eta: 0:08:46  lr: 0.000048  loss: 1.7895 (1.9626)  time: 0.4471  data: 0.0002  max mem: 20652
Epoch: [19]  [2500/3615]  eta: 0:08:02  lr: 0.000048  loss: 1.6253 (1.9626)  time: 0.4339  data: 0.0002  max mem: 20652
Epoch: [19]  [2600/3615]  eta: 0:07:19  lr: 0.000047  loss: 1.8325 (1.9622)  time: 0.4235  data: 0.0002  max mem: 20652
Epoch: [19]  [2700/3615]  eta: 0:06:36  lr: 0.000047  loss: 2.0309 (1.9640)  time: 0.4221  data: 0.0002  max mem: 20652
Epoch: [19]  [2800/3615]  eta: 0:05:52  lr: 0.000047  loss: 2.0849 (1.9644)  time: 0.4271  data: 0.0002  max mem: 20652
Epoch: [19]  [2900/3615]  eta: 0:05:09  lr: 0.000047  loss: 1.7177 (1.9647)  time: 0.4261  data: 0.0002  max mem: 20652
Epoch: [19]  [3000/3615]  eta: 0:04:26  lr: 0.000047  loss: 1.7296 (1.9640)  time: 0.4494  data: 0.0002  max mem: 20652
Epoch: [19]  [3100/3615]  eta: 0:03:42  lr: 0.000047  loss: 2.0079 (1.9651)  time: 0.4230  data: 0.0002  max mem: 20652
Epoch: [19]  [3200/3615]  eta: 0:02:59  lr: 0.000047  loss: 1.8814 (1.9652)  time: 0.4339  data: 0.0002  max mem: 20652
Epoch: [19]  [3300/3615]  eta: 0:02:16  lr: 0.000047  loss: 2.0429 (1.9655)  time: 0.4259  data: 0.0002  max mem: 20652
Epoch: [19]  [3400/3615]  eta: 0:01:33  lr: 0.000047  loss: 2.0947 (1.9661)  time: 0.4302  data: 0.0002  max mem: 20652
Epoch: [19]  [3500/3615]  eta: 0:00:49  lr: 0.000047  loss: 1.9092 (1.9649)  time: 0.4434  data: 0.0002  max mem: 20652
Epoch: [19]  [3600/3615]  eta: 0:00:06  lr: 0.000047  loss: 1.8134 (1.9653)  time: 0.4419  data: 0.0004  max mem: 20652
Epoch: [19] Total time: 0:26:05
0.8915985370065936
Epoch: [20]  [   0/3615]  eta: 5:43:46  lr: 0.000047  loss: 2.0977 (2.0977)  time: 5.7058  data: 5.2332  max mem: 20652
Epoch: [20]  [ 100/3615]  eta: 0:29:32  lr: 0.000047  loss: 2.0767 (1.9462)  time: 0.4319  data: 0.0002  max mem: 20652
Epoch: [20]  [ 200/3615]  eta: 0:26:38  lr: 0.000046  loss: 2.0893 (1.9556)  time: 0.4338  data: 0.0002  max mem: 20652
Epoch: [20]  [ 300/3615]  eta: 0:25:10  lr: 0.000046  loss: 1.7043 (1.9515)  time: 0.4300  data: 0.0002  max mem: 20652
Epoch: [20]  [ 400/3615]  eta: 0:24:07  lr: 0.000046  loss: 1.9881 (1.9528)  time: 0.4331  data: 0.0002  max mem: 20652
Epoch: [20]  [ 500/3615]  eta: 0:23:13  lr: 0.000046  loss: 1.7171 (1.9584)  time: 0.4379  data: 0.0002  max mem: 20652
Epoch: [20]  [ 600/3615]  eta: 0:22:21  lr: 0.000046  loss: 1.7420 (1.9554)  time: 0.4226  data: 0.0002  max mem: 20652
Epoch: [20]  [ 700/3615]  eta: 0:21:30  lr: 0.000046  loss: 2.1499 (1.9571)  time: 0.4207  data: 0.0002  max mem: 20652
Epoch: [20]  [ 800/3615]  eta: 0:20:42  lr: 0.000046  loss: 2.1360 (1.9524)  time: 0.4176  data: 0.0002  max mem: 20652
Epoch: [20]  [ 900/3615]  eta: 0:19:55  lr: 0.000046  loss: 1.7777 (1.9514)  time: 0.4350  data: 0.0002  max mem: 20652
Epoch: [20]  [1000/3615]  eta: 0:19:08  lr: 0.000046  loss: 1.7033 (1.9460)  time: 0.4228  data: 0.0002  max mem: 20652
Epoch: [20]  [1100/3615]  eta: 0:18:24  lr: 0.000046  loss: 2.1207 (1.9447)  time: 0.4418  data: 0.0002  max mem: 20652
Epoch: [20]  [1200/3615]  eta: 0:17:39  lr: 0.000046  loss: 2.3504 (1.9425)  time: 0.4359  data: 0.0002  max mem: 20652
Epoch: [20]  [1300/3615]  eta: 0:16:55  lr: 0.000046  loss: 1.9937 (1.9428)  time: 0.4480  data: 0.0002  max mem: 20652
Epoch: [20]  [1400/3615]  eta: 0:16:11  lr: 0.000046  loss: 1.8594 (1.9417)  time: 0.4404  data: 0.0002  max mem: 20652
Epoch: [20]  [1500/3615]  eta: 0:15:27  lr: 0.000045  loss: 1.8023 (1.9404)  time: 0.4399  data: 0.0002  max mem: 20652
Epoch: [20]  [1600/3615]  eta: 0:14:43  lr: 0.000045  loss: 2.0494 (1.9440)  time: 0.4361  data: 0.0002  max mem: 20652
Epoch: [20]  [1700/3615]  eta: 0:13:57  lr: 0.000045  loss: 1.7610 (1.9448)  time: 0.4216  data: 0.0002  max mem: 20652
Epoch: [20]  [1800/3615]  eta: 0:13:13  lr: 0.000045  loss: 2.4920 (1.9441)  time: 0.4235  data: 0.0002  max mem: 20652
Epoch: [20]  [1900/3615]  eta: 0:12:30  lr: 0.000045  loss: 2.1374 (1.9441)  time: 0.4361  data: 0.0002  max mem: 20652
Epoch: [20]  [2000/3615]  eta: 0:11:45  lr: 0.000045  loss: 1.9673 (1.9435)  time: 0.4223  data: 0.0002  max mem: 20652
Epoch: [20]  [2100/3615]  eta: 0:11:01  lr: 0.000045  loss: 1.9017 (1.9437)  time: 0.4396  data: 0.0002  max mem: 20652
Epoch: [20]  [2200/3615]  eta: 0:10:17  lr: 0.000045  loss: 1.7691 (1.9446)  time: 0.4275  data: 0.0002  max mem: 20652
Epoch: [20]  [2300/3615]  eta: 0:09:34  lr: 0.000045  loss: 2.2339 (1.9459)  time: 0.4316  data: 0.0002  max mem: 20652
Epoch: [20]  [2400/3615]  eta: 0:08:50  lr: 0.000045  loss: 1.7979 (1.9451)  time: 0.4325  data: 0.0002  max mem: 20652
Epoch: [20]  [2500/3615]  eta: 0:08:06  lr: 0.000045  loss: 2.1351 (1.9444)  time: 0.4203  data: 0.0002  max mem: 20652
Epoch: [20]  [2600/3615]  eta: 0:07:22  lr: 0.000045  loss: 1.6094 (1.9439)  time: 0.4233  data: 0.0002  max mem: 20652
Epoch: [20]  [2700/3615]  eta: 0:06:38  lr: 0.000045  loss: 2.3082 (1.9443)  time: 0.4270  data: 0.0002  max mem: 20652
Epoch: [20]  [2800/3615]  eta: 0:05:55  lr: 0.000044  loss: 1.9980 (1.9437)  time: 0.4308  data: 0.0002  max mem: 20652
Epoch: [20]  [2900/3615]  eta: 0:05:11  lr: 0.000044  loss: 2.1151 (1.9454)  time: 0.4372  data: 0.0002  max mem: 20652
Epoch: [20]  [3000/3615]  eta: 0:04:28  lr: 0.000044  loss: 1.8644 (1.9473)  time: 0.4401  data: 0.0002  max mem: 20652
Epoch: [20]  [3100/3615]  eta: 0:03:44  lr: 0.000044  loss: 1.9305 (1.9474)  time: 0.4253  data: 0.0002  max mem: 20652
Epoch: [20]  [3200/3615]  eta: 0:03:00  lr: 0.000044  loss: 1.6551 (1.9482)  time: 0.4292  data: 0.0002  max mem: 20652
Epoch: [20]  [3300/3615]  eta: 0:02:17  lr: 0.000044  loss: 2.2435 (1.9481)  time: 0.4336  data: 0.0002  max mem: 20652
Epoch: [20]  [3400/3615]  eta: 0:01:33  lr: 0.000044  loss: 1.9539 (1.9480)  time: 0.4209  data: 0.0002  max mem: 20652
Epoch: [20]  [3500/3615]  eta: 0:00:50  lr: 0.000044  loss: 1.9563 (1.9490)  time: 0.4373  data: 0.0002  max mem: 20652
Epoch: [20]  [3600/3615]  eta: 0:00:06  lr: 0.000044  loss: 1.6493 (1.9486)  time: 0.4392  data: 0.0004  max mem: 20652
Epoch: [20] Total time: 0:26:14
0.8945832884859113
Epoch: [21]  [   0/3615]  eta: 7:14:43  lr: 0.000044  loss: 1.7301 (1.7301)  time: 7.2153  data: 6.7651  max mem: 20652
Epoch: [21]  [ 100/3615]  eta: 0:28:54  lr: 0.000044  loss: 2.1044 (1.9619)  time: 0.4186  data: 0.0002  max mem: 20652
Epoch: [21]  [ 200/3615]  eta: 0:26:22  lr: 0.000044  loss: 1.5927 (1.9511)  time: 0.4222  data: 0.0002  max mem: 20652
Epoch: [21]  [ 300/3615]  eta: 0:25:02  lr: 0.000044  loss: 2.0617 (1.9382)  time: 0.4389  data: 0.0002  max mem: 20652
Epoch: [21]  [ 400/3615]  eta: 0:23:56  lr: 0.000044  loss: 1.6995 (1.9330)  time: 0.4394  data: 0.0002  max mem: 20652
Epoch: [21]  [ 500/3615]  eta: 0:23:03  lr: 0.000043  loss: 1.7686 (1.9315)  time: 0.4260  data: 0.0002  max mem: 20652
Epoch: [21]  [ 600/3615]  eta: 0:22:09  lr: 0.000043  loss: 1.7729 (1.9314)  time: 0.4285  data: 0.0003  max mem: 20652
Epoch: [21]  [ 700/3615]  eta: 0:21:24  lr: 0.000043  loss: 1.8947 (1.9328)  time: 0.4342  data: 0.0002  max mem: 20652
Epoch: [21]  [ 800/3615]  eta: 0:20:36  lr: 0.000043  loss: 1.8894 (1.9254)  time: 0.4384  data: 0.0002  max mem: 20652
Epoch: [21]  [ 900/3615]  eta: 0:19:50  lr: 0.000043  loss: 2.0950 (1.9269)  time: 0.4236  data: 0.0002  max mem: 20652
Epoch: [21]  [1000/3615]  eta: 0:19:04  lr: 0.000043  loss: 1.9195 (1.9273)  time: 0.4229  data: 0.0002  max mem: 20652
Epoch: [21]  [1100/3615]  eta: 0:18:19  lr: 0.000043  loss: 1.7390 (1.9269)  time: 0.4206  data: 0.0002  max mem: 20652
Epoch: [21]  [1200/3615]  eta: 0:17:33  lr: 0.000043  loss: 1.9349 (1.9262)  time: 0.4200  data: 0.0002  max mem: 20652
Epoch: [21]  [1300/3615]  eta: 0:16:49  lr: 0.000043  loss: 2.0210 (1.9218)  time: 0.4185  data: 0.0002  max mem: 20652
Epoch: [21]  [1400/3615]  eta: 0:16:04  lr: 0.000043  loss: 1.8625 (1.9243)  time: 0.4410  data: 0.0002  max mem: 20652
Epoch: [21]  [1500/3615]  eta: 0:15:22  lr: 0.000043  loss: 2.1079 (1.9270)  time: 0.4564  data: 0.0002  max mem: 20652
Epoch: [21]  [1600/3615]  eta: 0:14:38  lr: 0.000043  loss: 1.8469 (1.9249)  time: 0.4280  data: 0.0002  max mem: 20652
Epoch: [21]  [1700/3615]  eta: 0:13:55  lr: 0.000043  loss: 1.9155 (1.9256)  time: 0.4321  data: 0.0002  max mem: 20652
Epoch: [21]  [1800/3615]  eta: 0:13:11  lr: 0.000042  loss: 1.8632 (1.9259)  time: 0.4180  data: 0.0002  max mem: 20652
Epoch: [21]  [1900/3615]  eta: 0:12:27  lr: 0.000042  loss: 1.9439 (1.9258)  time: 0.4302  data: 0.0002  max mem: 20652
Epoch: [21]  [2000/3615]  eta: 0:11:43  lr: 0.000042  loss: 1.8865 (1.9242)  time: 0.4254  data: 0.0002  max mem: 20652
Epoch: [21]  [2100/3615]  eta: 0:10:59  lr: 0.000042  loss: 1.9612 (1.9234)  time: 0.4273  data: 0.0002  max mem: 20652
Epoch: [21]  [2200/3615]  eta: 0:10:15  lr: 0.000042  loss: 2.0411 (1.9237)  time: 0.4302  data: 0.0002  max mem: 20652
Epoch: [21]  [2300/3615]  eta: 0:09:31  lr: 0.000042  loss: 2.1090 (1.9253)  time: 0.4282  data: 0.0002  max mem: 20652
Epoch: [21]  [2400/3615]  eta: 0:08:48  lr: 0.000042  loss: 1.9265 (1.9239)  time: 0.4351  data: 0.0002  max mem: 20652
Epoch: [21]  [2500/3615]  eta: 0:08:04  lr: 0.000042  loss: 1.8671 (1.9259)  time: 0.4347  data: 0.0002  max mem: 20652
Epoch: [21]  [2600/3615]  eta: 0:07:21  lr: 0.000042  loss: 1.8229 (1.9253)  time: 0.4428  data: 0.0002  max mem: 20652
Epoch: [21]  [2700/3615]  eta: 0:06:37  lr: 0.000042  loss: 1.9842 (1.9258)  time: 0.4384  data: 0.0003  max mem: 20652
Epoch: [21]  [2800/3615]  eta: 0:05:54  lr: 0.000042  loss: 1.7982 (1.9267)  time: 0.4386  data: 0.0002  max mem: 20652
Epoch: [21]  [2900/3615]  eta: 0:05:10  lr: 0.000042  loss: 2.1106 (1.9267)  time: 0.4269  data: 0.0002  max mem: 20652
Epoch: [21]  [3000/3615]  eta: 0:04:27  lr: 0.000041  loss: 1.8580 (1.9271)  time: 0.4451  data: 0.0002  max mem: 20652
Epoch: [21]  [3100/3615]  eta: 0:03:43  lr: 0.000041  loss: 1.6911 (1.9274)  time: 0.4278  data: 0.0002  max mem: 20652
Epoch: [21]  [3200/3615]  eta: 0:03:00  lr: 0.000041  loss: 1.7603 (1.9274)  time: 0.4520  data: 0.0002  max mem: 20652
Epoch: [21]  [3300/3615]  eta: 0:02:16  lr: 0.000041  loss: 2.3312 (1.9273)  time: 0.4214  data: 0.0002  max mem: 20652
Epoch: [21]  [3400/3615]  eta: 0:01:33  lr: 0.000041  loss: 1.9370 (1.9280)  time: 0.4300  data: 0.0002  max mem: 20652
Epoch: [21]  [3500/3615]  eta: 0:00:49  lr: 0.000041  loss: 1.8738 (1.9285)  time: 0.4341  data: 0.0002  max mem: 20652
Epoch: [21]  [3600/3615]  eta: 0:00:06  lr: 0.000041  loss: 1.9162 (1.9287)  time: 0.4268  data: 0.0003  max mem: 20652
Epoch: [21] Total time: 0:26:10
0.8982893745763672
Epoch: [22]  [   0/3615]  eta: 5:47:29  lr: 0.000041  loss: 2.1909 (2.1909)  time: 5.7674  data: 5.2745  max mem: 20652
Epoch: [22]  [ 100/3615]  eta: 0:28:19  lr: 0.000041  loss: 2.3075 (1.9125)  time: 0.4320  data: 0.0002  max mem: 20652
Epoch: [22]  [ 200/3615]  eta: 0:26:01  lr: 0.000041  loss: 2.1217 (1.9209)  time: 0.4385  data: 0.0002  max mem: 20652
Epoch: [22]  [ 300/3615]  eta: 0:24:48  lr: 0.000041  loss: 2.1136 (1.9103)  time: 0.4229  data: 0.0002  max mem: 20652
Epoch: [22]  [ 400/3615]  eta: 0:23:55  lr: 0.000041  loss: 2.0287 (1.9128)  time: 0.4311  data: 0.0002  max mem: 20652
Epoch: [22]  [ 500/3615]  eta: 0:23:01  lr: 0.000041  loss: 1.8398 (1.9084)  time: 0.4302  data: 0.0002  max mem: 20652
Epoch: [22]  [ 600/3615]  eta: 0:22:12  lr: 0.000041  loss: 2.0120 (1.9060)  time: 0.4216  data: 0.0002  max mem: 20652
Epoch: [22]  [ 700/3615]  eta: 0:21:25  lr: 0.000040  loss: 1.7273 (1.9040)  time: 0.4255  data: 0.0002  max mem: 20652
Epoch: [22]  [ 800/3615]  eta: 0:20:36  lr: 0.000040  loss: 2.0376 (1.9035)  time: 0.4320  data: 0.0002  max mem: 20652
Epoch: [22]  [ 900/3615]  eta: 0:19:51  lr: 0.000040  loss: 2.0762 (1.9065)  time: 0.4386  data: 0.0002  max mem: 20652
Epoch: [22]  [1000/3615]  eta: 0:19:05  lr: 0.000040  loss: 2.3632 (1.9069)  time: 0.4343  data: 0.0002  max mem: 20652
Epoch: [22]  [1100/3615]  eta: 0:18:20  lr: 0.000040  loss: 1.9835 (1.9056)  time: 0.4273  data: 0.0002  max mem: 20652
Epoch: [22]  [1200/3615]  eta: 0:17:35  lr: 0.000040  loss: 1.7422 (1.9038)  time: 0.4243  data: 0.0002  max mem: 20652
Epoch: [22]  [1300/3615]  eta: 0:16:50  lr: 0.000040  loss: 2.0741 (1.9018)  time: 0.4309  data: 0.0002  max mem: 20652
Epoch: [22]  [1400/3615]  eta: 0:16:05  lr: 0.000040  loss: 1.7251 (1.9011)  time: 0.4325  data: 0.0002  max mem: 20652
Epoch: [22]  [1500/3615]  eta: 0:15:21  lr: 0.000040  loss: 2.0525 (1.9016)  time: 0.4236  data: 0.0002  max mem: 20652
Epoch: [22]  [1600/3615]  eta: 0:14:38  lr: 0.000040  loss: 2.0370 (1.9031)  time: 0.4234  data: 0.0002  max mem: 20652
Epoch: [22]  [1700/3615]  eta: 0:13:54  lr: 0.000040  loss: 1.9295 (1.9034)  time: 0.4352  data: 0.0002  max mem: 20652
Epoch: [22]  [1800/3615]  eta: 0:13:10  lr: 0.000040  loss: 1.9078 (1.9036)  time: 0.4383  data: 0.0003  max mem: 20652
Epoch: [22]  [1900/3615]  eta: 0:12:26  lr: 0.000040  loss: 1.7899 (1.9034)  time: 0.4353  data: 0.0002  max mem: 20652
Epoch: [22]  [2000/3615]  eta: 0:11:43  lr: 0.000039  loss: 2.3264 (1.9039)  time: 0.4413  data: 0.0002  max mem: 20652
Epoch: [22]  [2100/3615]  eta: 0:10:59  lr: 0.000039  loss: 2.0504 (1.9044)  time: 0.4304  data: 0.0009  max mem: 20652
Epoch: [22]  [2200/3615]  eta: 0:10:15  lr: 0.000039  loss: 2.1488 (1.9051)  time: 0.4387  data: 0.0002  max mem: 20652
Epoch: [22]  [2300/3615]  eta: 0:09:31  lr: 0.000039  loss: 1.9771 (1.9047)  time: 0.4230  data: 0.0002  max mem: 20652
Epoch: [22]  [2400/3615]  eta: 0:08:48  lr: 0.000039  loss: 1.7951 (1.9052)  time: 0.4348  data: 0.0002  max mem: 20652
Epoch: [22]  [2500/3615]  eta: 0:08:04  lr: 0.000039  loss: 2.1147 (1.9046)  time: 0.4283  data: 0.0002  max mem: 20652
Epoch: [22]  [2600/3615]  eta: 0:07:21  lr: 0.000039  loss: 1.6700 (1.9041)  time: 0.4285  data: 0.0002  max mem: 20652
Epoch: [22]  [2700/3615]  eta: 0:06:37  lr: 0.000039  loss: 2.1477 (1.9053)  time: 0.4583  data: 0.0002  max mem: 20652
Epoch: [22]  [2800/3615]  eta: 0:05:54  lr: 0.000039  loss: 1.8708 (1.9051)  time: 0.4250  data: 0.0002  max mem: 20652
Epoch: [22]  [2900/3615]  eta: 0:05:10  lr: 0.000039  loss: 2.1503 (1.9048)  time: 0.4499  data: 0.0002  max mem: 20652
Epoch: [22]  [3000/3615]  eta: 0:04:27  lr: 0.000039  loss: 1.5861 (1.9042)  time: 0.4242  data: 0.0002  max mem: 20652
Epoch: [22]  [3100/3615]  eta: 0:03:43  lr: 0.000039  loss: 1.9558 (1.9047)  time: 0.4425  data: 0.0002  max mem: 20652
Epoch: [22]  [3200/3615]  eta: 0:03:00  lr: 0.000038  loss: 1.6782 (1.9052)  time: 0.4217  data: 0.0002  max mem: 20652
Epoch: [22]  [3300/3615]  eta: 0:02:16  lr: 0.000038  loss: 1.8806 (1.9055)  time: 0.4394  data: 0.0003  max mem: 20652
Epoch: [22]  [3400/3615]  eta: 0:01:33  lr: 0.000038  loss: 2.6342 (1.9067)  time: 0.4505  data: 0.0002  max mem: 20652
Epoch: [22]  [3500/3615]  eta: 0:00:49  lr: 0.000038  loss: 1.8013 (1.9060)  time: 0.4289  data: 0.0003  max mem: 20652
Epoch: [22]  [3600/3615]  eta: 0:00:06  lr: 0.000038  loss: 1.8055 (1.9063)  time: 0.4156  data: 0.0004  max mem: 20652
Epoch: [22] Total time: 0:26:09
0.9024857148204622
Epoch: [23]  [   0/3615]  eta: 4:27:48  lr: 0.000038  loss: 2.3966 (2.3966)  time: 4.4450  data: 3.9793  max mem: 20652
Epoch: [23]  [ 100/3615]  eta: 0:27:28  lr: 0.000038  loss: 2.1849 (1.9110)  time: 0.4482  data: 0.0002  max mem: 20652
Epoch: [23]  [ 200/3615]  eta: 0:25:43  lr: 0.000038  loss: 2.0499 (1.9088)  time: 0.4399  data: 0.0002  max mem: 20652
Epoch: [23]  [ 300/3615]  eta: 0:24:41  lr: 0.000038  loss: 2.2095 (1.8950)  time: 0.4522  data: 0.0002  max mem: 20652
Epoch: [23]  [ 400/3615]  eta: 0:23:43  lr: 0.000038  loss: 1.9864 (1.8938)  time: 0.4228  data: 0.0002  max mem: 20652
Epoch: [23]  [ 500/3615]  eta: 0:22:50  lr: 0.000038  loss: 1.8205 (1.8876)  time: 0.4208  data: 0.0002  max mem: 20652
Epoch: [23]  [ 600/3615]  eta: 0:22:04  lr: 0.000038  loss: 1.9364 (1.8878)  time: 0.4357  data: 0.0002  max mem: 20652
Epoch: [23]  [ 700/3615]  eta: 0:21:17  lr: 0.000038  loss: 1.7535 (1.8894)  time: 0.4289  data: 0.0002  max mem: 20652
Epoch: [23]  [ 800/3615]  eta: 0:20:31  lr: 0.000038  loss: 2.3804 (1.8889)  time: 0.4392  data: 0.0002  max mem: 20652
Epoch: [23]  [ 900/3615]  eta: 0:19:45  lr: 0.000037  loss: 1.7973 (1.8899)  time: 0.4191  data: 0.0002  max mem: 20652
Epoch: [23]  [1000/3615]  eta: 0:19:00  lr: 0.000037  loss: 1.8843 (1.8917)  time: 0.4235  data: 0.0002  max mem: 20652
Epoch: [23]  [1100/3615]  eta: 0:18:14  lr: 0.000037  loss: 2.2329 (1.8965)  time: 0.4259  data: 0.0002  max mem: 20652
Epoch: [23]  [1200/3615]  eta: 0:17:29  lr: 0.000037  loss: 2.1772 (1.8974)  time: 0.4225  data: 0.0002  max mem: 20652
Epoch: [23]  [1300/3615]  eta: 0:16:45  lr: 0.000037  loss: 1.9739 (1.8965)  time: 0.4241  data: 0.0002  max mem: 20652
Epoch: [23]  [1400/3615]  eta: 0:16:01  lr: 0.000037  loss: 1.8619 (1.8987)  time: 0.4438  data: 0.0002  max mem: 20652
Epoch: [23]  [1500/3615]  eta: 0:15:18  lr: 0.000037  loss: 1.6583 (1.8986)  time: 0.4211  data: 0.0002  max mem: 20652
Epoch: [23]  [1600/3615]  eta: 0:14:35  lr: 0.000037  loss: 1.6882 (1.8981)  time: 0.4389  data: 0.0002  max mem: 20652
Epoch: [23]  [1700/3615]  eta: 0:13:51  lr: 0.000037  loss: 1.8264 (1.8979)  time: 0.4384  data: 0.0002  max mem: 20652
Epoch: [23]  [1800/3615]  eta: 0:13:07  lr: 0.000037  loss: 1.9842 (1.8977)  time: 0.4344  data: 0.0002  max mem: 20652
Epoch: [23]  [1900/3615]  eta: 0:12:24  lr: 0.000037  loss: 1.7807 (1.8971)  time: 0.4321  data: 0.0002  max mem: 20652
Epoch: [23]  [2000/3615]  eta: 0:11:40  lr: 0.000037  loss: 2.2932 (1.8974)  time: 0.4301  data: 0.0002  max mem: 20652
Epoch: [23]  [2100/3615]  eta: 0:10:56  lr: 0.000036  loss: 2.0921 (1.8987)  time: 0.4330  data: 0.0002  max mem: 20652
Epoch: [23]  [2200/3615]  eta: 0:10:13  lr: 0.000036  loss: 1.8679 (1.8978)  time: 0.4222  data: 0.0002  max mem: 20652
Epoch: [23]  [2300/3615]  eta: 0:09:29  lr: 0.000036  loss: 1.7278 (1.8980)  time: 0.4280  data: 0.0002  max mem: 20652
Epoch: [23]  [2400/3615]  eta: 0:08:46  lr: 0.000036  loss: 1.6399 (1.8962)  time: 0.4308  data: 0.0002  max mem: 20652
Epoch: [23]  [2500/3615]  eta: 0:08:02  lr: 0.000036  loss: 1.7967 (1.8962)  time: 0.4214  data: 0.0002  max mem: 20652
Epoch: [23]  [2600/3615]  eta: 0:07:19  lr: 0.000036  loss: 1.8959 (1.8964)  time: 0.4243  data: 0.0002  max mem: 20652
Epoch: [23]  [2700/3615]  eta: 0:06:36  lr: 0.000036  loss: 1.6477 (1.8959)  time: 0.4228  data: 0.0002  max mem: 20652
Epoch: [23]  [2800/3615]  eta: 0:05:52  lr: 0.000036  loss: 1.9850 (1.8958)  time: 0.4199  data: 0.0002  max mem: 20652
Epoch: [23]  [2900/3615]  eta: 0:05:09  lr: 0.000036  loss: 1.7179 (1.8960)  time: 0.4362  data: 0.0003  max mem: 20652
Epoch: [23]  [3000/3615]  eta: 0:04:26  lr: 0.000036  loss: 1.7892 (1.8960)  time: 0.4290  data: 0.0002  max mem: 20652
Epoch: [23]  [3100/3615]  eta: 0:03:42  lr: 0.000036  loss: 1.9952 (1.8951)  time: 0.4229  data: 0.0002  max mem: 20652
Epoch: [23]  [3200/3615]  eta: 0:02:59  lr: 0.000036  loss: 1.8551 (1.8950)  time: 0.4414  data: 0.0002  max mem: 20652
Epoch: [23]  [3300/3615]  eta: 0:02:16  lr: 0.000036  loss: 1.8582 (1.8955)  time: 0.4416  data: 0.0002  max mem: 20652
Epoch: [23]  [3400/3615]  eta: 0:01:33  lr: 0.000035  loss: 1.7659 (1.8958)  time: 0.4432  data: 0.0002  max mem: 20652
Epoch: [23]  [3500/3615]  eta: 0:00:49  lr: 0.000035  loss: 1.7580 (1.8959)  time: 0.4390  data: 0.0002  max mem: 20652
Epoch: [23]  [3600/3615]  eta: 0:00:06  lr: 0.000035  loss: 1.7765 (1.8961)  time: 0.4323  data: 0.0004  max mem: 20652
Epoch: [23] Total time: 0:26:05
0.9036806412985394
Epoch: [24]  [   0/3615]  eta: 6:11:49  lr: 0.000035  loss: 1.7005 (1.7005)  time: 6.1715  data: 5.7326  max mem: 20652
Epoch: [24]  [ 100/3615]  eta: 0:28:37  lr: 0.000035  loss: 1.8092 (1.9011)  time: 0.4436  data: 0.0002  max mem: 20652
Epoch: [24]  [ 200/3615]  eta: 0:26:11  lr: 0.000035  loss: 1.7826 (1.8804)  time: 0.4251  data: 0.0002  max mem: 20652
Epoch: [24]  [ 300/3615]  eta: 0:24:51  lr: 0.000035  loss: 1.7739 (1.8828)  time: 0.4282  data: 0.0002  max mem: 20652
Epoch: [24]  [ 400/3615]  eta: 0:23:51  lr: 0.000035  loss: 1.9065 (1.8792)  time: 0.4260  data: 0.0002  max mem: 20652
Epoch: [24]  [ 500/3615]  eta: 0:22:57  lr: 0.000035  loss: 1.9827 (1.8777)  time: 0.4319  data: 0.0002  max mem: 20652
Epoch: [24]  [ 600/3615]  eta: 0:22:09  lr: 0.000035  loss: 1.7935 (1.8761)  time: 0.4276  data: 0.0002  max mem: 20652
Epoch: [24]  [ 700/3615]  eta: 0:21:20  lr: 0.000035  loss: 1.8287 (1.8728)  time: 0.4256  data: 0.0002  max mem: 20652
Epoch: [24]  [ 800/3615]  eta: 0:20:35  lr: 0.000035  loss: 2.0130 (1.8736)  time: 0.4471  data: 0.0002  max mem: 20652
Epoch: [24]  [ 900/3615]  eta: 0:19:48  lr: 0.000035  loss: 1.7872 (1.8712)  time: 0.4329  data: 0.0002  max mem: 20652
Epoch: [24]  [1000/3615]  eta: 0:19:04  lr: 0.000034  loss: 2.0619 (1.8701)  time: 0.4459  data: 0.0002  max mem: 20652
Epoch: [24]  [1100/3615]  eta: 0:18:18  lr: 0.000034  loss: 2.1388 (1.8727)  time: 0.4207  data: 0.0002  max mem: 20652
Epoch: [24]  [1200/3615]  eta: 0:17:34  lr: 0.000034  loss: 1.7475 (1.8739)  time: 0.4396  data: 0.0002  max mem: 20652
Epoch: [24]  [1300/3615]  eta: 0:16:49  lr: 0.000034  loss: 1.8203 (1.8739)  time: 0.4400  data: 0.0002  max mem: 20652
Epoch: [24]  [1400/3615]  eta: 0:16:06  lr: 0.000034  loss: 2.0035 (1.8785)  time: 0.4305  data: 0.0002  max mem: 20652
Epoch: [24]  [1500/3615]  eta: 0:15:21  lr: 0.000034  loss: 1.9724 (1.8805)  time: 0.4328  data: 0.0002  max mem: 20652
Epoch: [24]  [1600/3615]  eta: 0:14:37  lr: 0.000034  loss: 1.6624 (1.8804)  time: 0.4294  data: 0.0002  max mem: 20652
Epoch: [24]  [1700/3615]  eta: 0:13:53  lr: 0.000034  loss: 1.9470 (1.8804)  time: 0.4382  data: 0.0002  max mem: 20652
Epoch: [24]  [1800/3615]  eta: 0:13:10  lr: 0.000034  loss: 2.1826 (1.8796)  time: 0.4505  data: 0.0002  max mem: 20652
Epoch: [24]  [1900/3615]  eta: 0:12:26  lr: 0.000034  loss: 1.9329 (1.8806)  time: 0.4228  data: 0.0002  max mem: 20652
Epoch: [24]  [2000/3615]  eta: 0:11:42  lr: 0.000034  loss: 2.0414 (1.8801)  time: 0.4395  data: 0.0002  max mem: 20652
Epoch: [24]  [2100/3615]  eta: 0:10:58  lr: 0.000034  loss: 1.8096 (1.8813)  time: 0.4223  data: 0.0002  max mem: 20652
Epoch: [24]  [2200/3615]  eta: 0:10:15  lr: 0.000034  loss: 1.8969 (1.8820)  time: 0.4355  data: 0.0002  max mem: 20652
Epoch: [24]  [2300/3615]  eta: 0:09:31  lr: 0.000033  loss: 2.0279 (1.8827)  time: 0.4239  data: 0.0002  max mem: 20652
Epoch: [24]  [2400/3615]  eta: 0:08:47  lr: 0.000033  loss: 1.9129 (1.8824)  time: 0.4405  data: 0.0002  max mem: 20652
Epoch: [24]  [2500/3615]  eta: 0:08:04  lr: 0.000033  loss: 1.8983 (1.8829)  time: 0.4508  data: 0.0002  max mem: 20652
Epoch: [24]  [2600/3615]  eta: 0:07:21  lr: 0.000033  loss: 1.7387 (1.8821)  time: 0.4495  data: 0.0002  max mem: 20652
Epoch: [24]  [2700/3615]  eta: 0:06:37  lr: 0.000033  loss: 1.7131 (1.8824)  time: 0.4501  data: 0.0002  max mem: 20652
Epoch: [24]  [2800/3615]  eta: 0:05:54  lr: 0.000033  loss: 1.9886 (1.8822)  time: 0.4349  data: 0.0002  max mem: 20652
Epoch: [24]  [2900/3615]  eta: 0:05:10  lr: 0.000033  loss: 1.6795 (1.8816)  time: 0.4211  data: 0.0002  max mem: 20652
Epoch: [24]  [3000/3615]  eta: 0:04:27  lr: 0.000033  loss: 1.9063 (1.8809)  time: 0.4281  data: 0.0002  max mem: 20652
Epoch: [24]  [3100/3615]  eta: 0:03:43  lr: 0.000033  loss: 1.9305 (1.8813)  time: 0.4354  data: 0.0002  max mem: 20652
Epoch: [24]  [3200/3615]  eta: 0:03:00  lr: 0.000033  loss: 1.7524 (1.8813)  time: 0.4316  data: 0.0002  max mem: 20652
Epoch: [24]  [3300/3615]  eta: 0:02:16  lr: 0.000033  loss: 2.0824 (1.8815)  time: 0.4661  data: 0.0002  max mem: 20652
Epoch: [24]  [3400/3615]  eta: 0:01:33  lr: 0.000033  loss: 1.8700 (1.8815)  time: 0.4258  data: 0.0002  max mem: 20652
Epoch: [24]  [3500/3615]  eta: 0:00:49  lr: 0.000032  loss: 1.6180 (1.8816)  time: 0.4510  data: 0.0002  max mem: 20652
Epoch: [24]  [3600/3615]  eta: 0:00:06  lr: 0.000032  loss: 1.5952 (1.8824)  time: 0.4151  data: 0.0004  max mem: 20652
Epoch: [24] Total time: 0:26:10
0.9062518962430677
Epoch: [25]  [   0/3615]  eta: 4:44:13  lr: 0.000032  loss: 1.9674 (1.9674)  time: 4.7175  data: 4.2451  max mem: 20652
Epoch: [25]  [ 100/3615]  eta: 0:28:14  lr: 0.000032  loss: 1.9117 (1.8846)  time: 0.4374  data: 0.0002  max mem: 20652
Epoch: [25]  [ 200/3615]  eta: 0:25:52  lr: 0.000032  loss: 1.7434 (1.8764)  time: 0.4281  data: 0.0002  max mem: 20652
Epoch: [25]  [ 300/3615]  eta: 0:24:38  lr: 0.000032  loss: 1.9147 (1.8760)  time: 0.4230  data: 0.0002  max mem: 20652
Epoch: [25]  [ 400/3615]  eta: 0:23:42  lr: 0.000032  loss: 1.9203 (1.8760)  time: 0.4224  data: 0.0002  max mem: 20652
Epoch: [25]  [ 500/3615]  eta: 0:22:49  lr: 0.000032  loss: 1.8123 (1.8723)  time: 0.4212  data: 0.0002  max mem: 20652
Epoch: [25]  [ 600/3615]  eta: 0:22:03  lr: 0.000032  loss: 2.0718 (1.8746)  time: 0.4342  data: 0.0002  max mem: 20652
Epoch: [25]  [ 700/3615]  eta: 0:21:15  lr: 0.000032  loss: 2.0765 (1.8711)  time: 0.4285  data: 0.0002  max mem: 20652
Epoch: [25]  [ 800/3615]  eta: 0:20:27  lr: 0.000032  loss: 1.7538 (1.8674)  time: 0.4263  data: 0.0002  max mem: 20652
Epoch: [25]  [ 900/3615]  eta: 0:19:42  lr: 0.000032  loss: 2.0177 (1.8629)  time: 0.4249  data: 0.0002  max mem: 20652
Epoch: [25]  [1000/3615]  eta: 0:18:57  lr: 0.000032  loss: 1.8737 (1.8665)  time: 0.4222  data: 0.0002  max mem: 20652
Epoch: [25]  [1100/3615]  eta: 0:18:10  lr: 0.000031  loss: 1.7938 (1.8676)  time: 0.4220  data: 0.0002  max mem: 20652
Epoch: [25]  [1200/3615]  eta: 0:17:26  lr: 0.000031  loss: 1.7428 (1.8701)  time: 0.4236  data: 0.0002  max mem: 20652
Epoch: [25]  [1300/3615]  eta: 0:16:42  lr: 0.000031  loss: 1.7299 (1.8701)  time: 0.4352  data: 0.0002  max mem: 20652
Epoch: [25]  [1400/3615]  eta: 0:15:59  lr: 0.000031  loss: 1.8735 (1.8695)  time: 0.4314  data: 0.0002  max mem: 20652
Epoch: [25]  [1500/3615]  eta: 0:15:16  lr: 0.000031  loss: 1.8021 (1.8699)  time: 0.4490  data: 0.0002  max mem: 20652
Epoch: [25]  [1600/3615]  eta: 0:14:33  lr: 0.000031  loss: 1.6767 (1.8705)  time: 0.4323  data: 0.0002  max mem: 20652
Epoch: [25]  [1700/3615]  eta: 0:13:49  lr: 0.000031  loss: 1.4680 (1.8691)  time: 0.4245  data: 0.0002  max mem: 20652
Epoch: [25]  [1800/3615]  eta: 0:13:05  lr: 0.000031  loss: 2.2211 (1.8692)  time: 0.4222  data: 0.0002  max mem: 20652
Epoch: [25]  [1900/3615]  eta: 0:12:22  lr: 0.000031  loss: 1.6961 (1.8688)  time: 0.4408  data: 0.0002  max mem: 20652
Epoch: [25]  [2000/3615]  eta: 0:11:38  lr: 0.000031  loss: 1.7562 (1.8683)  time: 0.4295  data: 0.0002  max mem: 20652
Epoch: [25]  [2100/3615]  eta: 0:10:55  lr: 0.000031  loss: 1.7495 (1.8686)  time: 0.4448  data: 0.0002  max mem: 20652
Epoch: [25]  [2200/3615]  eta: 0:10:12  lr: 0.000031  loss: 2.0622 (1.8672)  time: 0.4330  data: 0.0002  max mem: 20652
Epoch: [25]  [2300/3615]  eta: 0:09:29  lr: 0.000031  loss: 2.0153 (1.8670)  time: 0.4290  data: 0.0002  max mem: 20652
Epoch: [25]  [2400/3615]  eta: 0:08:45  lr: 0.000030  loss: 1.8777 (1.8668)  time: 0.4203  data: 0.0002  max mem: 20652
Epoch: [25]  [2500/3615]  eta: 0:08:02  lr: 0.000030  loss: 1.8732 (1.8659)  time: 0.4474  data: 0.0002  max mem: 20652
Epoch: [25]  [2600/3615]  eta: 0:07:19  lr: 0.000030  loss: 1.9098 (1.8647)  time: 0.4356  data: 0.0002  max mem: 20652
Epoch: [25]  [2700/3615]  eta: 0:06:36  lr: 0.000030  loss: 1.6948 (1.8650)  time: 0.4354  data: 0.0002  max mem: 20652
Epoch: [25]  [2800/3615]  eta: 0:05:53  lr: 0.000030  loss: 1.9185 (1.8657)  time: 0.4576  data: 0.0002  max mem: 20652
Epoch: [25]  [2900/3615]  eta: 0:05:09  lr: 0.000030  loss: 2.0437 (1.8669)  time: 0.4437  data: 0.0002  max mem: 20652
Epoch: [25]  [3000/3615]  eta: 0:04:26  lr: 0.000030  loss: 1.8335 (1.8665)  time: 0.4271  data: 0.0002  max mem: 20652
Epoch: [25]  [3100/3615]  eta: 0:03:43  lr: 0.000030  loss: 2.3274 (1.8661)  time: 0.4652  data: 0.0002  max mem: 20652
Epoch: [25]  [3200/3615]  eta: 0:02:59  lr: 0.000030  loss: 1.9331 (1.8669)  time: 0.4529  data: 0.0002  max mem: 20652
Epoch: [25]  [3300/3615]  eta: 0:02:16  lr: 0.000030  loss: 1.8635 (1.8668)  time: 0.4256  data: 0.0002  max mem: 20652
Epoch: [25]  [3400/3615]  eta: 0:01:33  lr: 0.000030  loss: 1.8467 (1.8668)  time: 0.4245  data: 0.0002  max mem: 20652
Epoch: [25]  [3500/3615]  eta: 0:00:49  lr: 0.000030  loss: 1.7803 (1.8665)  time: 0.4270  data: 0.0002  max mem: 20652
Epoch: [25]  [3600/3615]  eta: 0:00:06  lr: 0.000029  loss: 1.6482 (1.8660)  time: 0.4202  data: 0.0004  max mem: 20652
Epoch: [25] Total time: 0:26:05
0.9096086147537048
Epoch: [26]  [   0/3615]  eta: 4:57:53  lr: 0.000029  loss: 1.7441 (1.7441)  time: 4.9442  data: 4.4964  max mem: 20652
Epoch: [26]  [ 100/3615]  eta: 0:27:50  lr: 0.000029  loss: 1.9326 (1.8480)  time: 0.4219  data: 0.0002  max mem: 20652
Epoch: [26]  [ 200/3615]  eta: 0:25:53  lr: 0.000029  loss: 1.6591 (1.8541)  time: 0.4367  data: 0.0002  max mem: 20652
Epoch: [26]  [ 300/3615]  eta: 0:24:41  lr: 0.000029  loss: 2.0503 (1.8492)  time: 0.4328  data: 0.0002  max mem: 20652
Epoch: [26]  [ 400/3615]  eta: 0:23:43  lr: 0.000029  loss: 1.9888 (1.8469)  time: 0.4364  data: 0.0002  max mem: 20652
Epoch: [26]  [ 500/3615]  eta: 0:22:49  lr: 0.000029  loss: 2.2865 (1.8494)  time: 0.4266  data: 0.0002  max mem: 20652
Epoch: [26]  [ 600/3615]  eta: 0:22:03  lr: 0.000029  loss: 1.7577 (1.8498)  time: 0.4188  data: 0.0002  max mem: 20652
Epoch: [26]  [ 700/3615]  eta: 0:21:14  lr: 0.000029  loss: 1.8910 (1.8503)  time: 0.4324  data: 0.0002  max mem: 20652
Epoch: [26]  [ 800/3615]  eta: 0:20:27  lr: 0.000029  loss: 2.0319 (1.8450)  time: 0.4227  data: 0.0002  max mem: 20652
Epoch: [26]  [ 900/3615]  eta: 0:19:42  lr: 0.000029  loss: 1.9314 (1.8476)  time: 0.4316  data: 0.0003  max mem: 20652
Epoch: [26]  [1000/3615]  eta: 0:18:57  lr: 0.000029  loss: 1.8418 (1.8469)  time: 0.4272  data: 0.0002  max mem: 20652
Epoch: [26]  [1100/3615]  eta: 0:18:13  lr: 0.000029  loss: 2.0101 (1.8456)  time: 0.4267  data: 0.0002  max mem: 20652
Epoch: [26]  [1200/3615]  eta: 0:17:28  lr: 0.000028  loss: 1.9680 (1.8495)  time: 0.4299  data: 0.0002  max mem: 20652
Epoch: [26]  [1300/3615]  eta: 0:16:44  lr: 0.000028  loss: 1.9423 (1.8491)  time: 0.4245  data: 0.0002  max mem: 20652
Epoch: [26]  [1400/3615]  eta: 0:16:02  lr: 0.000028  loss: 1.8343 (1.8500)  time: 0.4387  data: 0.0002  max mem: 20652
Epoch: [26]  [1500/3615]  eta: 0:15:18  lr: 0.000028  loss: 1.7946 (1.8496)  time: 0.4409  data: 0.0002  max mem: 20652
Epoch: [26]  [1600/3615]  eta: 0:14:34  lr: 0.000028  loss: 1.8176 (1.8501)  time: 0.4224  data: 0.0002  max mem: 20652
Epoch: [26]  [1700/3615]  eta: 0:13:51  lr: 0.000028  loss: 1.8596 (1.8486)  time: 0.4478  data: 0.0002  max mem: 20652
Epoch: [26]  [1800/3615]  eta: 0:13:07  lr: 0.000028  loss: 1.9746 (1.8471)  time: 0.4422  data: 0.0002  max mem: 20652
Epoch: [26]  [1900/3615]  eta: 0:12:23  lr: 0.000028  loss: 1.9642 (1.8484)  time: 0.4475  data: 0.0002  max mem: 20652
Epoch: [26]  [2000/3615]  eta: 0:11:40  lr: 0.000028  loss: 1.7591 (1.8465)  time: 0.4302  data: 0.0002  max mem: 20652
Epoch: [26]  [2100/3615]  eta: 0:10:57  lr: 0.000028  loss: 1.5338 (1.8472)  time: 0.4450  data: 0.0002  max mem: 20652
Epoch: [26]  [2200/3615]  eta: 0:10:13  lr: 0.000028  loss: 1.7583 (1.8477)  time: 0.4481  data: 0.0002  max mem: 20652
Epoch: [26]  [2300/3615]  eta: 0:09:30  lr: 0.000028  loss: 1.8765 (1.8494)  time: 0.4369  data: 0.0002  max mem: 20652
Epoch: [26]  [2400/3615]  eta: 0:08:47  lr: 0.000027  loss: 1.6749 (1.8504)  time: 0.4518  data: 0.0002  max mem: 20652
Epoch: [26]  [2500/3615]  eta: 0:08:04  lr: 0.000027  loss: 1.8105 (1.8507)  time: 0.4305  data: 0.0002  max mem: 20652
Epoch: [26]  [2600/3615]  eta: 0:07:20  lr: 0.000027  loss: 2.0249 (1.8519)  time: 0.4302  data: 0.0002  max mem: 20652
Epoch: [26]  [2700/3615]  eta: 0:06:37  lr: 0.000027  loss: 1.8572 (1.8522)  time: 0.4263  data: 0.0002  max mem: 20652
Epoch: [26]  [2800/3615]  eta: 0:05:53  lr: 0.000027  loss: 1.8614 (1.8513)  time: 0.4231  data: 0.0002  max mem: 20652
Epoch: [26]  [2900/3615]  eta: 0:05:10  lr: 0.000027  loss: 1.9071 (1.8515)  time: 0.4303  data: 0.0002  max mem: 20652
Epoch: [26]  [3000/3615]  eta: 0:04:27  lr: 0.000027  loss: 1.9002 (1.8516)  time: 0.4310  data: 0.0002  max mem: 20652
Epoch: [26]  [3100/3615]  eta: 0:03:43  lr: 0.000027  loss: 1.8293 (1.8528)  time: 0.4399  data: 0.0002  max mem: 20652
Epoch: [26]  [3200/3615]  eta: 0:03:00  lr: 0.000027  loss: 2.1216 (1.8547)  time: 0.4469  data: 0.0002  max mem: 20652
Epoch: [26]  [3300/3615]  eta: 0:02:16  lr: 0.000027  loss: 2.2136 (1.8543)  time: 0.4322  data: 0.0002  max mem: 20652
Epoch: [26]  [3400/3615]  eta: 0:01:33  lr: 0.000027  loss: 2.1787 (1.8548)  time: 0.4246  data: 0.0002  max mem: 20652
Epoch: [26]  [3500/3615]  eta: 0:00:49  lr: 0.000027  loss: 1.7933 (1.8543)  time: 0.4338  data: 0.0002  max mem: 20652
Epoch: [26]  [3600/3615]  eta: 0:00:06  lr: 0.000027  loss: 1.7074 (1.8540)  time: 0.4200  data: 0.0005  max mem: 20652
Epoch: [26] Total time: 0:26:09
0.9111332969605096
Epoch: [27]  [   0/3615]  eta: 5:09:02  lr: 0.000026  loss: 1.7585 (1.7585)  time: 5.1293  data: 4.6815  max mem: 20652
Epoch: [27]  [ 100/3615]  eta: 0:27:44  lr: 0.000026  loss: 1.8162 (1.8457)  time: 0.4195  data: 0.0002  max mem: 20652
Epoch: [27]  [ 200/3615]  eta: 0:25:37  lr: 0.000026  loss: 1.7526 (1.8223)  time: 0.4265  data: 0.0002  max mem: 20652
Epoch: [27]  [ 300/3615]  eta: 0:24:36  lr: 0.000026  loss: 1.8437 (1.8319)  time: 0.4402  data: 0.0002  max mem: 20652
Epoch: [27]  [ 400/3615]  eta: 0:23:48  lr: 0.000026  loss: 1.6547 (1.8356)  time: 0.4379  data: 0.0002  max mem: 20652
Epoch: [27]  [ 500/3615]  eta: 0:22:54  lr: 0.000026  loss: 1.6407 (1.8372)  time: 0.4438  data: 0.0002  max mem: 20652
Epoch: [27]  [ 600/3615]  eta: 0:22:03  lr: 0.000026  loss: 1.9636 (1.8409)  time: 0.4239  data: 0.0002  max mem: 20652
Epoch: [27]  [ 700/3615]  eta: 0:21:18  lr: 0.000026  loss: 1.7004 (1.8357)  time: 0.4351  data: 0.0002  max mem: 20652
Epoch: [27]  [ 800/3615]  eta: 0:20:32  lr: 0.000026  loss: 1.7339 (1.8351)  time: 0.4390  data: 0.0002  max mem: 20652
Epoch: [27]  [ 900/3615]  eta: 0:19:49  lr: 0.000026  loss: 1.9949 (1.8390)  time: 0.4350  data: 0.0002  max mem: 20652
Epoch: [27]  [1000/3615]  eta: 0:19:06  lr: 0.000026  loss: 1.7487 (1.8385)  time: 0.4636  data: 0.0002  max mem: 20652
Epoch: [27]  [1100/3615]  eta: 0:18:22  lr: 0.000026  loss: 1.7384 (1.8379)  time: 0.4194  data: 0.0002  max mem: 20652
Epoch: [27]  [1200/3615]  eta: 0:17:37  lr: 0.000026  loss: 1.7216 (1.8372)  time: 0.4326  data: 0.0002  max mem: 20652
Epoch: [27]  [1300/3615]  eta: 0:16:52  lr: 0.000025  loss: 1.6492 (1.8370)  time: 0.4231  data: 0.0002  max mem: 20652
Epoch: [27]  [1400/3615]  eta: 0:16:08  lr: 0.000025  loss: 1.7576 (1.8354)  time: 0.4501  data: 0.0002  max mem: 20652
Epoch: [27]  [1500/3615]  eta: 0:15:23  lr: 0.000025  loss: 1.8482 (1.8354)  time: 0.4216  data: 0.0002  max mem: 20652
Epoch: [27]  [1600/3615]  eta: 0:14:39  lr: 0.000025  loss: 1.8227 (1.8355)  time: 0.4420  data: 0.0002  max mem: 20652
Epoch: [27]  [1700/3615]  eta: 0:13:55  lr: 0.000025  loss: 1.6914 (1.8363)  time: 0.4378  data: 0.0002  max mem: 20652
Epoch: [27]  [1800/3615]  eta: 0:13:12  lr: 0.000025  loss: 1.6730 (1.8358)  time: 0.4482  data: 0.0002  max mem: 20652
Epoch: [27]  [1900/3615]  eta: 0:12:28  lr: 0.000025  loss: 1.7621 (1.8363)  time: 0.4209  data: 0.0002  max mem: 20652
Epoch: [27]  [2000/3615]  eta: 0:11:44  lr: 0.000025  loss: 1.6764 (1.8350)  time: 0.4282  data: 0.0002  max mem: 20652
Epoch: [27]  [2100/3615]  eta: 0:11:00  lr: 0.000025  loss: 1.7823 (1.8352)  time: 0.4293  data: 0.0002  max mem: 20652
Epoch: [27]  [2200/3615]  eta: 0:10:16  lr: 0.000025  loss: 2.1442 (1.8354)  time: 0.4330  data: 0.0002  max mem: 20652
Epoch: [27]  [2300/3615]  eta: 0:09:32  lr: 0.000025  loss: 1.8196 (1.8350)  time: 0.4363  data: 0.0002  max mem: 20652
Epoch: [27]  [2400/3615]  eta: 0:08:48  lr: 0.000025  loss: 1.6514 (1.8353)  time: 0.4337  data: 0.0002  max mem: 20652
Epoch: [27]  [2500/3615]  eta: 0:08:05  lr: 0.000024  loss: 1.8087 (1.8354)  time: 0.4274  data: 0.0002  max mem: 20652
Epoch: [27]  [2600/3615]  eta: 0:07:21  lr: 0.000024  loss: 1.8005 (1.8350)  time: 0.4283  data: 0.0002  max mem: 20652
Epoch: [27]  [2700/3615]  eta: 0:06:38  lr: 0.000024  loss: 1.8330 (1.8354)  time: 0.4466  data: 0.0002  max mem: 20652
Epoch: [27]  [2800/3615]  eta: 0:05:54  lr: 0.000024  loss: 1.8635 (1.8357)  time: 0.4430  data: 0.0002  max mem: 20652
Epoch: [27]  [2900/3615]  eta: 0:05:10  lr: 0.000024  loss: 1.6823 (1.8364)  time: 0.4348  data: 0.0002  max mem: 20652
Epoch: [27]  [3000/3615]  eta: 0:04:27  lr: 0.000024  loss: 1.7339 (1.8358)  time: 0.4462  data: 0.0002  max mem: 20652
Epoch: [27]  [3100/3615]  eta: 0:03:43  lr: 0.000024  loss: 1.8406 (1.8364)  time: 0.4359  data: 0.0002  max mem: 20652
Epoch: [27]  [3200/3615]  eta: 0:03:00  lr: 0.000024  loss: 1.6632 (1.8369)  time: 0.4210  data: 0.0002  max mem: 20652
Epoch: [27]  [3300/3615]  eta: 0:02:16  lr: 0.000024  loss: 1.7741 (1.8372)  time: 0.4268  data: 0.0002  max mem: 20652
Epoch: [27]  [3400/3615]  eta: 0:01:33  lr: 0.000024  loss: 1.9830 (1.8371)  time: 0.4313  data: 0.0002  max mem: 20652
Epoch: [27]  [3500/3615]  eta: 0:00:49  lr: 0.000024  loss: 1.5748 (1.8377)  time: 0.4315  data: 0.0002  max mem: 20652
Epoch: [27]  [3600/3615]  eta: 0:00:06  lr: 0.000024  loss: 1.7942 (1.8385)  time: 0.4192  data: 0.0004  max mem: 20652
Epoch: [27] Total time: 0:26:09
0.9140052597838092
Epoch: [28]  [   0/3615]  eta: 5:46:48  lr: 0.000023  loss: 1.5755 (1.5755)  time: 5.7560  data: 5.2775  max mem: 20652
Epoch: [28]  [ 100/3615]  eta: 0:28:03  lr: 0.000023  loss: 1.6735 (1.8050)  time: 0.4256  data: 0.0002  max mem: 20652
Epoch: [28]  [ 200/3615]  eta: 0:25:55  lr: 0.000023  loss: 1.7890 (1.8133)  time: 0.4212  data: 0.0002  max mem: 20652
Epoch: [28]  [ 300/3615]  eta: 0:24:40  lr: 0.000023  loss: 1.9220 (1.8164)  time: 0.4304  data: 0.0002  max mem: 20652
Epoch: [28]  [ 400/3615]  eta: 0:23:41  lr: 0.000023  loss: 1.8235 (1.8199)  time: 0.4401  data: 0.0002  max mem: 20652
Epoch: [28]  [ 500/3615]  eta: 0:22:50  lr: 0.000023  loss: 1.6270 (1.8189)  time: 0.4431  data: 0.0002  max mem: 20652
Epoch: [28]  [ 600/3615]  eta: 0:22:01  lr: 0.000023  loss: 2.0212 (1.8204)  time: 0.4215  data: 0.0002  max mem: 20652
Epoch: [28]  [ 700/3615]  eta: 0:21:12  lr: 0.000023  loss: 2.0910 (1.8244)  time: 0.4223  data: 0.0002  max mem: 20652
Epoch: [28]  [ 800/3615]  eta: 0:20:26  lr: 0.000023  loss: 1.6093 (1.8206)  time: 0.4265  data: 0.0002  max mem: 20652
Epoch: [28]  [ 900/3615]  eta: 0:19:41  lr: 0.000023  loss: 1.7797 (1.8230)  time: 0.4376  data: 0.0002  max mem: 20652
Epoch: [28]  [1000/3615]  eta: 0:18:56  lr: 0.000023  loss: 1.8432 (1.8250)  time: 0.4333  data: 0.0002  max mem: 20652
Epoch: [28]  [1100/3615]  eta: 0:18:12  lr: 0.000023  loss: 1.8820 (1.8256)  time: 0.4489  data: 0.0002  max mem: 20652
Epoch: [28]  [1200/3615]  eta: 0:17:28  lr: 0.000022  loss: 1.9697 (1.8257)  time: 0.4296  data: 0.0002  max mem: 20652
Epoch: [28]  [1300/3615]  eta: 0:16:43  lr: 0.000022  loss: 1.6247 (1.8260)  time: 0.4280  data: 0.0002  max mem: 20652
Epoch: [28]  [1400/3615]  eta: 0:16:00  lr: 0.000022  loss: 1.9519 (1.8271)  time: 0.4333  data: 0.0002  max mem: 20652
Epoch: [28]  [1500/3615]  eta: 0:15:16  lr: 0.000022  loss: 1.8349 (1.8280)  time: 0.4232  data: 0.0003  max mem: 20652
Epoch: [28]  [1600/3615]  eta: 0:14:34  lr: 0.000022  loss: 1.7918 (1.8269)  time: 0.4375  data: 0.0002  max mem: 20652
Epoch: [28]  [1700/3615]  eta: 0:13:50  lr: 0.000022  loss: 1.7629 (1.8276)  time: 0.4241  data: 0.0002  max mem: 20652
Epoch: [28]  [1800/3615]  eta: 0:13:06  lr: 0.000022  loss: 1.9855 (1.8276)  time: 0.4463  data: 0.0002  max mem: 20652
Epoch: [28]  [1900/3615]  eta: 0:12:23  lr: 0.000022  loss: 1.6892 (1.8286)  time: 0.4422  data: 0.0002  max mem: 20652
Epoch: [28]  [2000/3615]  eta: 0:11:39  lr: 0.000022  loss: 1.6332 (1.8291)  time: 0.4290  data: 0.0002  max mem: 20652
Epoch: [28]  [2100/3615]  eta: 0:10:56  lr: 0.000022  loss: 1.8303 (1.8285)  time: 0.4240  data: 0.0002  max mem: 20652
Epoch: [28]  [2200/3615]  eta: 0:10:13  lr: 0.000022  loss: 2.0269 (1.8290)  time: 0.4340  data: 0.0003  max mem: 20652
Epoch: [28]  [2300/3615]  eta: 0:09:30  lr: 0.000022  loss: 1.6283 (1.8288)  time: 0.4487  data: 0.0002  max mem: 20652
Epoch: [28]  [2400/3615]  eta: 0:08:46  lr: 0.000021  loss: 1.8788 (1.8285)  time: 0.4361  data: 0.0002  max mem: 20652
Epoch: [28]  [2500/3615]  eta: 0:08:03  lr: 0.000021  loss: 1.8857 (1.8278)  time: 0.4498  data: 0.0002  max mem: 20652
Epoch: [28]  [2600/3615]  eta: 0:07:19  lr: 0.000021  loss: 1.8314 (1.8281)  time: 0.4356  data: 0.0002  max mem: 20652
Epoch: [28]  [2700/3615]  eta: 0:06:36  lr: 0.000021  loss: 1.9086 (1.8290)  time: 0.4267  data: 0.0002  max mem: 20652
Epoch: [28]  [2800/3615]  eta: 0:05:53  lr: 0.000021  loss: 1.7936 (1.8299)  time: 0.4322  data: 0.0002  max mem: 20652
Epoch: [28]  [2900/3615]  eta: 0:05:09  lr: 0.000021  loss: 1.7388 (1.8294)  time: 0.4471  data: 0.0002  max mem: 20652
Epoch: [28]  [3000/3615]  eta: 0:04:26  lr: 0.000021  loss: 1.9330 (1.8291)  time: 0.4322  data: 0.0002  max mem: 20652
Epoch: [28]  [3100/3615]  eta: 0:03:43  lr: 0.000021  loss: 1.8633 (1.8286)  time: 0.4314  data: 0.0002  max mem: 20652
Epoch: [28]  [3200/3615]  eta: 0:02:59  lr: 0.000021  loss: 1.6470 (1.8280)  time: 0.4273  data: 0.0002  max mem: 20652
Epoch: [28]  [3300/3615]  eta: 0:02:16  lr: 0.000021  loss: 1.7093 (1.8270)  time: 0.4365  data: 0.0002  max mem: 20652
Epoch: [28]  [3400/3615]  eta: 0:01:33  lr: 0.000021  loss: 2.0355 (1.8271)  time: 0.4365  data: 0.0002  max mem: 20652
Epoch: [28]  [3500/3615]  eta: 0:00:49  lr: 0.000021  loss: 1.9397 (1.8264)  time: 0.4350  data: 0.0002  max mem: 20652
Epoch: [28]  [3600/3615]  eta: 0:00:06  lr: 0.000020  loss: 1.6721 (1.8265)  time: 0.4259  data: 0.0008  max mem: 20652
Epoch: [28] Total time: 0:26:04
0.9159921256843228
Epoch: [29]  [   0/3615]  eta: 6:20:08  lr: 0.000020  loss: 1.7463 (1.7463)  time: 6.3094  data: 5.8659  max mem: 20652
Epoch: [29]  [ 100/3615]  eta: 0:28:41  lr: 0.000020  loss: 1.6393 (1.8176)  time: 0.4516  data: 0.0002  max mem: 20652
Epoch: [29]  [ 200/3615]  eta: 0:26:08  lr: 0.000020  loss: 1.7607 (1.8206)  time: 0.4403  data: 0.0002  max mem: 20652
Epoch: [29]  [ 300/3615]  eta: 0:24:50  lr: 0.000020  loss: 1.7232 (1.8269)  time: 0.4278  data: 0.0002  max mem: 20652
Epoch: [29]  [ 400/3615]  eta: 0:23:45  lr: 0.000020  loss: 1.7505 (1.8204)  time: 0.4320  data: 0.0002  max mem: 20652
Epoch: [29]  [ 500/3615]  eta: 0:22:50  lr: 0.000020  loss: 1.9083 (1.8217)  time: 0.4289  data: 0.0003  max mem: 20652
Epoch: [29]  [ 600/3615]  eta: 0:22:02  lr: 0.000020  loss: 1.7769 (1.8239)  time: 0.4236  data: 0.0002  max mem: 20652
Epoch: [29]  [ 700/3615]  eta: 0:21:14  lr: 0.000020  loss: 2.1205 (1.8225)  time: 0.4249  data: 0.0002  max mem: 20652
Epoch: [29]  [ 800/3615]  eta: 0:20:29  lr: 0.000020  loss: 1.8588 (1.8188)  time: 0.4369  data: 0.0002  max mem: 20652
Epoch: [29]  [ 900/3615]  eta: 0:19:45  lr: 0.000020  loss: 1.9056 (1.8170)  time: 0.4215  data: 0.0002  max mem: 20652
Epoch: [29]  [1000/3615]  eta: 0:19:02  lr: 0.000020  loss: 1.7138 (1.8181)  time: 0.4791  data: 0.0002  max mem: 20652
Epoch: [29]  [1100/3615]  eta: 0:18:18  lr: 0.000020  loss: 1.9848 (1.8165)  time: 0.4333  data: 0.0002  max mem: 20652
Epoch: [29]  [1200/3615]  eta: 0:17:33  lr: 0.000019  loss: 1.7132 (1.8179)  time: 0.4287  data: 0.0002  max mem: 20652
Epoch: [29]  [1300/3615]  eta: 0:16:48  lr: 0.000019  loss: 1.8765 (1.8154)  time: 0.4492  data: 0.0002  max mem: 20652
Epoch: [29]  [1400/3615]  eta: 0:16:04  lr: 0.000019  loss: 1.9139 (1.8140)  time: 0.4481  data: 0.0002  max mem: 20652
Epoch: [29]  [1500/3615]  eta: 0:15:20  lr: 0.000019  loss: 1.9501 (1.8159)  time: 0.4280  data: 0.0002  max mem: 20652
Epoch: [29]  [1600/3615]  eta: 0:14:36  lr: 0.000019  loss: 1.9459 (1.8156)  time: 0.4450  data: 0.0002  max mem: 20652
Epoch: [29]  [1700/3615]  eta: 0:13:52  lr: 0.000019  loss: 1.8772 (1.8152)  time: 0.4216  data: 0.0002  max mem: 20652
Epoch: [29]  [1800/3615]  eta: 0:13:09  lr: 0.000019  loss: 1.8918 (1.8141)  time: 0.4260  data: 0.0002  max mem: 20652
Epoch: [29]  [1900/3615]  eta: 0:12:25  lr: 0.000019  loss: 1.9633 (1.8145)  time: 0.4500  data: 0.0002  max mem: 20652
Epoch: [29]  [2000/3615]  eta: 0:11:42  lr: 0.000019  loss: 1.8178 (1.8144)  time: 0.4335  data: 0.0002  max mem: 20652
Epoch: [29]  [2100/3615]  eta: 0:10:58  lr: 0.000019  loss: 1.5960 (1.8149)  time: 0.4230  data: 0.0002  max mem: 20652
Epoch: [29]  [2200/3615]  eta: 0:10:15  lr: 0.000019  loss: 1.7189 (1.8155)  time: 0.4436  data: 0.0002  max mem: 20652
Epoch: [29]  [2300/3615]  eta: 0:09:31  lr: 0.000018  loss: 1.7672 (1.8156)  time: 0.4252  data: 0.0002  max mem: 20652
Epoch: [29]  [2400/3615]  eta: 0:08:47  lr: 0.000018  loss: 2.1074 (1.8153)  time: 0.4212  data: 0.0002  max mem: 20652
Epoch: [29]  [2500/3615]  eta: 0:08:04  lr: 0.000018  loss: 1.7710 (1.8162)  time: 0.4295  data: 0.0002  max mem: 20652
Epoch: [29]  [2600/3615]  eta: 0:07:20  lr: 0.000018  loss: 1.8298 (1.8160)  time: 0.4210  data: 0.0002  max mem: 20652
Epoch: [29]  [2700/3615]  eta: 0:06:37  lr: 0.000018  loss: 2.1454 (1.8161)  time: 0.4311  data: 0.0002  max mem: 20652
Epoch: [29]  [2800/3615]  eta: 0:05:53  lr: 0.000018  loss: 1.7409 (1.8160)  time: 0.4256  data: 0.0002  max mem: 20652
Epoch: [29]  [2900/3615]  eta: 0:05:10  lr: 0.000018  loss: 1.8515 (1.8155)  time: 0.4225  data: 0.0002  max mem: 20652
Epoch: [29]  [3000/3615]  eta: 0:04:26  lr: 0.000018  loss: 1.7939 (1.8158)  time: 0.4226  data: 0.0002  max mem: 20652
Epoch: [29]  [3100/3615]  eta: 0:03:43  lr: 0.000018  loss: 1.6214 (1.8156)  time: 0.4404  data: 0.0002  max mem: 20652
Epoch: [29]  [3200/3615]  eta: 0:03:00  lr: 0.000018  loss: 1.8114 (1.8155)  time: 0.4257  data: 0.0003  max mem: 20652
Epoch: [29]  [3300/3615]  eta: 0:02:16  lr: 0.000018  loss: 1.7459 (1.8152)  time: 0.4296  data: 0.0002  max mem: 20652
Epoch: [29]  [3400/3615]  eta: 0:01:33  lr: 0.000018  loss: 1.4944 (1.8152)  time: 0.4395  data: 0.0002  max mem: 20652
Epoch: [29]  [3500/3615]  eta: 0:00:49  lr: 0.000017  loss: 1.6252 (1.8150)  time: 0.4237  data: 0.0002  max mem: 20652
Epoch: [29]  [3600/3615]  eta: 0:00:06  lr: 0.000017  loss: 1.6014 (1.8151)  time: 0.4206  data: 0.0004  max mem: 20652
Epoch: [29] Total time: 0:26:08
0.9176824417535618
Test:  [   0/7237]  eta: 3:21:03    time: 1.6670  data: 1.5752  max mem: 20652
Test:  [1000/7237]  eta: 0:07:30    time: 0.0672  data: 0.0002  max mem: 20652
Test:  [2000/7237]  eta: 0:06:16    time: 0.0671  data: 0.0002  max mem: 20652
Test:  [3000/7237]  eta: 0:05:01    time: 0.0642  data: 0.0001  max mem: 20652
Test:  [4000/7237]  eta: 0:03:47    time: 0.0684  data: 0.0001  max mem: 20652
Test:  [5000/7237]  eta: 0:02:34    time: 0.0665  data: 0.0002  max mem: 20652
Test:  [6000/7237]  eta: 0:01:24    time: 0.0704  data: 0.0001  max mem: 20652
Test:  [7000/7237]  eta: 0:00:16    time: 0.0627  data: 0.0001  max mem: 20652
Test: Total time: 0:08:09
f1: 0.86294
Epoch: [30]  [   0/3615]  eta: 6:21:39  lr: 0.000017  loss: 1.7663 (1.7663)  time: 6.3345  data: 5.8790  max mem: 20652
Epoch: [30]  [ 100/3615]  eta: 0:28:21  lr: 0.000017  loss: 1.9401 (1.8080)  time: 0.4177  data: 0.0002  max mem: 20652
Epoch: [30]  [ 200/3615]  eta: 0:25:38  lr: 0.000017  loss: 1.6818 (1.8091)  time: 0.4170  data: 0.0002  max mem: 20652
Epoch: [30]  [ 300/3615]  eta: 0:24:19  lr: 0.000017  loss: 1.7433 (1.8097)  time: 0.4251  data: 0.0002  max mem: 20652
Epoch: [30]  [ 400/3615]  eta: 0:23:21  lr: 0.000017  loss: 1.9388 (1.8113)  time: 0.4203  data: 0.0002  max mem: 20652
Epoch: [30]  [ 500/3615]  eta: 0:22:35  lr: 0.000017  loss: 1.7582 (1.8068)  time: 0.4243  data: 0.0002  max mem: 20652
Epoch: [30]  [ 600/3615]  eta: 0:21:48  lr: 0.000017  loss: 1.8947 (1.8037)  time: 0.4218  data: 0.0002  max mem: 20652
Epoch: [30]  [ 700/3615]  eta: 0:21:03  lr: 0.000017  loss: 2.0889 (1.8042)  time: 0.4328  data: 0.0002  max mem: 20652
Epoch: [30]  [ 800/3615]  eta: 0:20:18  lr: 0.000017  loss: 1.7147 (1.8015)  time: 0.4246  data: 0.0002  max mem: 20652
Epoch: [30]  [ 900/3615]  eta: 0:19:34  lr: 0.000017  loss: 1.9747 (1.8026)  time: 0.4190  data: 0.0002  max mem: 20652
Epoch: [30]  [1000/3615]  eta: 0:18:51  lr: 0.000016  loss: 1.6410 (1.8056)  time: 0.4232  data: 0.0002  max mem: 20652
Epoch: [30]  [1100/3615]  eta: 0:18:07  lr: 0.000016  loss: 1.7719 (1.8047)  time: 0.4229  data: 0.0002  max mem: 20652
Epoch: [30]  [1200/3615]  eta: 0:17:25  lr: 0.000016  loss: 1.8480 (1.8046)  time: 0.4433  data: 0.0002  max mem: 20652
Epoch: [30]  [1300/3615]  eta: 0:16:42  lr: 0.000016  loss: 1.7605 (1.8046)  time: 0.4326  data: 0.0002  max mem: 20652
Epoch: [30]  [1400/3615]  eta: 0:15:59  lr: 0.000016  loss: 1.9702 (1.8057)  time: 0.4465  data: 0.0002  max mem: 20652
Epoch: [30]  [1500/3615]  eta: 0:15:15  lr: 0.000016  loss: 1.7367 (1.8058)  time: 0.4371  data: 0.0002  max mem: 20652
Epoch: [30]  [1600/3615]  eta: 0:14:33  lr: 0.000016  loss: 1.6143 (1.8075)  time: 0.4598  data: 0.0002  max mem: 20652
Epoch: [30]  [1700/3615]  eta: 0:13:50  lr: 0.000016  loss: 1.8807 (1.8068)  time: 0.4521  data: 0.0003  max mem: 20652
Epoch: [30]  [1800/3615]  eta: 0:13:06  lr: 0.000016  loss: 1.8546 (1.8070)  time: 0.4412  data: 0.0002  max mem: 20652
Epoch: [30]  [1900/3615]  eta: 0:12:23  lr: 0.000016  loss: 1.8337 (1.8053)  time: 0.4426  data: 0.0002  max mem: 20652
Epoch: [30]  [2000/3615]  eta: 0:11:40  lr: 0.000016  loss: 1.5787 (1.8045)  time: 0.4296  data: 0.0002  max mem: 20652
Epoch: [30]  [2100/3615]  eta: 0:10:56  lr: 0.000016  loss: 1.5834 (1.8034)  time: 0.4313  data: 0.0002  max mem: 20652
Epoch: [30]  [2200/3615]  eta: 0:10:13  lr: 0.000015  loss: 1.9342 (1.8025)  time: 0.4276  data: 0.0002  max mem: 20652
Epoch: [30]  [2300/3615]  eta: 0:09:29  lr: 0.000015  loss: 2.0211 (1.8015)  time: 0.4296  data: 0.0002  max mem: 20652
Epoch: [30]  [2400/3615]  eta: 0:08:46  lr: 0.000015  loss: 2.2127 (1.8008)  time: 0.4227  data: 0.0002  max mem: 20652
Epoch: [30]  [2500/3615]  eta: 0:08:03  lr: 0.000015  loss: 1.8243 (1.8016)  time: 0.4414  data: 0.0002  max mem: 20652
Epoch: [30]  [2600/3615]  eta: 0:07:19  lr: 0.000015  loss: 1.6980 (1.8023)  time: 0.4236  data: 0.0002  max mem: 20652
Epoch: [30]  [2700/3615]  eta: 0:06:36  lr: 0.000015  loss: 1.8059 (1.8026)  time: 0.4212  data: 0.0002  max mem: 20652
Epoch: [30]  [2800/3615]  eta: 0:05:52  lr: 0.000015  loss: 1.7604 (1.8017)  time: 0.4291  data: 0.0002  max mem: 20652
Epoch: [30]  [2900/3615]  eta: 0:05:09  lr: 0.000015  loss: 1.6707 (1.8029)  time: 0.4238  data: 0.0002  max mem: 20652
Epoch: [30]  [3000/3615]  eta: 0:04:26  lr: 0.000015  loss: 1.5699 (1.8032)  time: 0.4372  data: 0.0002  max mem: 20652
Epoch: [30]  [3100/3615]  eta: 0:03:42  lr: 0.000015  loss: 1.6614 (1.8039)  time: 0.4291  data: 0.0002  max mem: 20652
Epoch: [30]  [3200/3615]  eta: 0:02:59  lr: 0.000015  loss: 1.9892 (1.8037)  time: 0.4378  data: 0.0002  max mem: 20652
Epoch: [30]  [3300/3615]  eta: 0:02:16  lr: 0.000014  loss: 1.7125 (1.8038)  time: 0.4337  data: 0.0002  max mem: 20652
Epoch: [30]  [3400/3615]  eta: 0:01:33  lr: 0.000014  loss: 1.6547 (1.8035)  time: 0.4371  data: 0.0002  max mem: 20652
Epoch: [30]  [3500/3615]  eta: 0:00:49  lr: 0.000014  loss: 2.3162 (1.8029)  time: 0.4288  data: 0.0002  max mem: 20652
Epoch: [30]  [3600/3615]  eta: 0:00:06  lr: 0.000014  loss: 1.8844 (1.8026)  time: 0.4404  data: 0.0004  max mem: 20652
Epoch: [30] Total time: 0:26:04
0.9198887717272074
Test:  [   0/7237]  eta: 3:32:52    time: 1.7649  data: 1.6367  max mem: 20652
Test:  [1000/7237]  eta: 0:07:19    time: 0.0668  data: 0.0002  max mem: 20652
Test:  [2000/7237]  eta: 0:06:05    time: 0.0760  data: 0.0002  max mem: 20652
Test:  [3000/7237]  eta: 0:04:49    time: 0.0710  data: 0.0001  max mem: 20652
Test:  [4000/7237]  eta: 0:03:41    time: 0.0636  data: 0.0001  max mem: 20652
Test:  [5000/7237]  eta: 0:02:31    time: 0.0627  data: 0.0001  max mem: 20652
Test:  [6000/7237]  eta: 0:01:23    time: 0.0700  data: 0.0001  max mem: 20652
Test:  [7000/7237]  eta: 0:00:15    time: 0.0628  data: 0.0001  max mem: 20652
Test: Total time: 0:08:04
f1: 0.86350
Epoch: [31]  [   0/3615]  eta: 6:39:49  lr: 0.000014  loss: 1.6690 (1.6690)  time: 6.6361  data: 6.1750  max mem: 20652
Epoch: [31]  [ 100/3615]  eta: 0:28:11  lr: 0.000014  loss: 1.7551 (1.7693)  time: 0.4157  data: 0.0002  max mem: 20652
Epoch: [31]  [ 200/3615]  eta: 0:25:39  lr: 0.000014  loss: 1.6343 (1.7802)  time: 0.4275  data: 0.0002  max mem: 20652
Epoch: [31]  [ 300/3615]  eta: 0:24:25  lr: 0.000014  loss: 1.7633 (1.7766)  time: 0.4146  data: 0.0002  max mem: 20652
Epoch: [31]  [ 400/3615]  eta: 0:23:22  lr: 0.000014  loss: 1.6289 (1.7844)  time: 0.4193  data: 0.0002  max mem: 20652
Epoch: [31]  [ 500/3615]  eta: 0:22:36  lr: 0.000014  loss: 1.9484 (1.7840)  time: 0.4228  data: 0.0002  max mem: 20652
Epoch: [31]  [ 600/3615]  eta: 0:21:53  lr: 0.000014  loss: 2.0428 (1.7879)  time: 0.4322  data: 0.0002  max mem: 20652
Epoch: [31]  [ 700/3615]  eta: 0:21:07  lr: 0.000014  loss: 1.7883 (1.7902)  time: 0.4226  data: 0.0002  max mem: 20652
Epoch: [31]  [ 800/3615]  eta: 0:20:22  lr: 0.000013  loss: 1.4894 (1.7894)  time: 0.4241  data: 0.0002  max mem: 20652
Epoch: [31]  [ 900/3615]  eta: 0:19:40  lr: 0.000013  loss: 1.9300 (1.7897)  time: 0.4478  data: 0.0002  max mem: 20652
Epoch: [31]  [1000/3615]  eta: 0:18:56  lr: 0.000013  loss: 1.8440 (1.7886)  time: 0.4320  data: 0.0002  max mem: 20652
Epoch: [31]  [1100/3615]  eta: 0:18:11  lr: 0.000013  loss: 1.7135 (1.7897)  time: 0.4277  data: 0.0002  max mem: 20652
Epoch: [31]  [1200/3615]  eta: 0:17:28  lr: 0.000013  loss: 2.0494 (1.7904)  time: 0.4391  data: 0.0002  max mem: 20652
Epoch: [31]  [1300/3615]  eta: 0:16:45  lr: 0.000013  loss: 2.0310 (1.7900)  time: 0.4336  data: 0.0002  max mem: 20652
Epoch: [31]  [1400/3615]  eta: 0:16:01  lr: 0.000013  loss: 1.8008 (1.7896)  time: 0.4249  data: 0.0002  max mem: 20652
Epoch: [31]  [1500/3615]  eta: 0:15:18  lr: 0.000013  loss: 1.8225 (1.7891)  time: 0.4258  data: 0.0002  max mem: 20652
Epoch: [31]  [1600/3615]  eta: 0:14:34  lr: 0.000013  loss: 1.8020 (1.7899)  time: 0.4332  data: 0.0002  max mem: 20652
Epoch: [31]  [1700/3615]  eta: 0:13:50  lr: 0.000013  loss: 1.8347 (1.7899)  time: 0.4323  data: 0.0002  max mem: 20652
Epoch: [31]  [1800/3615]  eta: 0:13:07  lr: 0.000013  loss: 1.7157 (1.7912)  time: 0.4243  data: 0.0002  max mem: 20652
Epoch: [31]  [1900/3615]  eta: 0:12:23  lr: 0.000013  loss: 1.6554 (1.7904)  time: 0.4245  data: 0.0002  max mem: 20652
Epoch: [31]  [2000/3615]  eta: 0:11:40  lr: 0.000012  loss: 1.7971 (1.7913)  time: 0.4345  data: 0.0002  max mem: 20652
Epoch: [31]  [2100/3615]  eta: 0:10:56  lr: 0.000012  loss: 1.8971 (1.7920)  time: 0.4389  data: 0.0002  max mem: 20652
Epoch: [31]  [2200/3615]  eta: 0:10:13  lr: 0.000012  loss: 1.9384 (1.7929)  time: 0.4299  data: 0.0002  max mem: 20652
Epoch: [31]  [2300/3615]  eta: 0:09:29  lr: 0.000012  loss: 1.5757 (1.7926)  time: 0.4254  data: 0.0002  max mem: 20652
Epoch: [31]  [2400/3615]  eta: 0:08:46  lr: 0.000012  loss: 2.1321 (1.7931)  time: 0.4436  data: 0.0002  max mem: 20652
Epoch: [31]  [2500/3615]  eta: 0:08:03  lr: 0.000012  loss: 1.8391 (1.7938)  time: 0.4342  data: 0.0002  max mem: 20652
Epoch: [31]  [2600/3615]  eta: 0:07:19  lr: 0.000012  loss: 1.8854 (1.7935)  time: 0.4363  data: 0.0002  max mem: 20652
Epoch: [31]  [2700/3615]  eta: 0:06:36  lr: 0.000012  loss: 1.8349 (1.7923)  time: 0.4278  data: 0.0002  max mem: 20652
Epoch: [31]  [2800/3615]  eta: 0:05:53  lr: 0.000012  loss: 1.9133 (1.7922)  time: 0.4407  data: 0.0002  max mem: 20652
Epoch: [31]  [2900/3615]  eta: 0:05:09  lr: 0.000012  loss: 1.5511 (1.7928)  time: 0.4395  data: 0.0002  max mem: 20652
Epoch: [31]  [3000/3615]  eta: 0:04:26  lr: 0.000012  loss: 1.6581 (1.7932)  time: 0.4309  data: 0.0002  max mem: 20652
Epoch: [31]  [3100/3615]  eta: 0:03:43  lr: 0.000011  loss: 2.0614 (1.7933)  time: 0.4293  data: 0.0002  max mem: 20652
Epoch: [31]  [3200/3615]  eta: 0:02:59  lr: 0.000011  loss: 1.7547 (1.7933)  time: 0.4412  data: 0.0002  max mem: 20652
Epoch: [31]  [3300/3615]  eta: 0:02:16  lr: 0.000011  loss: 1.8544 (1.7931)  time: 0.4499  data: 0.0002  max mem: 20652
Epoch: [31]  [3400/3615]  eta: 0:01:33  lr: 0.000011  loss: 2.0100 (1.7931)  time: 0.4330  data: 0.0002  max mem: 20652
Epoch: [31]  [3500/3615]  eta: 0:00:49  lr: 0.000011  loss: 1.5186 (1.7932)  time: 0.4370  data: 0.0002  max mem: 20652
Epoch: [31]  [3600/3615]  eta: 0:00:06  lr: 0.000011  loss: 1.8642 (1.7931)  time: 0.4234  data: 0.0004  max mem: 20652
Epoch: [31] Total time: 0:26:08
0.9213597073640497
Test:  [   0/7237]  eta: 3:10:20    time: 1.5781  data: 1.4713  max mem: 20652
Test:  [1000/7237]  eta: 0:07:18    time: 0.0785  data: 0.0002  max mem: 20652
Test:  [2000/7237]  eta: 0:06:05    time: 0.0672  data: 0.0002  max mem: 20652
Test:  [3000/7237]  eta: 0:04:52    time: 0.0724  data: 0.0001  max mem: 20652
Test:  [4000/7237]  eta: 0:03:42    time: 0.0682  data: 0.0001  max mem: 20652
Test:  [5000/7237]  eta: 0:02:33    time: 0.0627  data: 0.0001  max mem: 20652
Test:  [6000/7237]  eta: 0:01:24    time: 0.0632  data: 0.0001  max mem: 20652
Test:  [7000/7237]  eta: 0:00:15    time: 0.0637  data: 0.0001  max mem: 20652
Test: Total time: 0:08:06
f1: 0.86466
Epoch: [32]  [   0/3615]  eta: 6:04:22  lr: 0.000011  loss: 1.8579 (1.8579)  time: 6.0477  data: 5.5898  max mem: 20652
Epoch: [32]  [ 100/3615]  eta: 0:27:44  lr: 0.000011  loss: 1.8120 (1.7950)  time: 0.4165  data: 0.0002  max mem: 20652
Epoch: [32]  [ 200/3615]  eta: 0:25:25  lr: 0.000011  loss: 1.7554 (1.7850)  time: 0.4255  data: 0.0003  max mem: 20652
Epoch: [32]  [ 300/3615]  eta: 0:24:11  lr: 0.000011  loss: 1.7392 (1.7891)  time: 0.4273  data: 0.0002  max mem: 20652
Epoch: [32]  [ 400/3615]  eta: 0:23:21  lr: 0.000011  loss: 1.8714 (1.7901)  time: 0.4582  data: 0.0003  max mem: 20652
Epoch: [32]  [ 500/3615]  eta: 0:22:36  lr: 0.000011  loss: 1.8312 (1.7879)  time: 0.4512  data: 0.0002  max mem: 20652
Epoch: [32]  [ 600/3615]  eta: 0:21:49  lr: 0.000010  loss: 1.7979 (1.7829)  time: 0.4462  data: 0.0002  max mem: 20652
Epoch: [32]  [ 700/3615]  eta: 0:21:04  lr: 0.000010  loss: 2.0717 (1.7854)  time: 0.4274  data: 0.0002  max mem: 20652
Epoch: [32]  [ 800/3615]  eta: 0:20:18  lr: 0.000010  loss: 1.6814 (1.7844)  time: 0.4202  data: 0.0002  max mem: 20652
Epoch: [32]  [ 900/3615]  eta: 0:19:35  lr: 0.000010  loss: 1.8958 (1.7834)  time: 0.4274  data: 0.0002  max mem: 20652
Epoch: [32]  [1000/3615]  eta: 0:18:52  lr: 0.000010  loss: 1.9549 (1.7814)  time: 0.4440  data: 0.0002  max mem: 20652
Epoch: [32]  [1100/3615]  eta: 0:18:09  lr: 0.000010  loss: 1.6403 (1.7803)  time: 0.4284  data: 0.0002  max mem: 20652
Epoch: [32]  [1200/3615]  eta: 0:17:24  lr: 0.000010  loss: 1.7053 (1.7805)  time: 0.4202  data: 0.0002  max mem: 20652
Epoch: [32]  [1300/3615]  eta: 0:16:40  lr: 0.000010  loss: 1.9169 (1.7805)  time: 0.4264  data: 0.0002  max mem: 20652
Epoch: [32]  [1400/3615]  eta: 0:15:57  lr: 0.000010  loss: 1.8510 (1.7817)  time: 0.4345  data: 0.0002  max mem: 20652
Epoch: [32]  [1500/3615]  eta: 0:15:15  lr: 0.000010  loss: 1.8504 (1.7837)  time: 0.4275  data: 0.0002  max mem: 20652
Epoch: [32]  [1600/3615]  eta: 0:14:32  lr: 0.000009  loss: 2.0784 (1.7836)  time: 0.4234  data: 0.0007  max mem: 20652
Epoch: [32]  [1700/3615]  eta: 0:13:49  lr: 0.000009  loss: 2.0109 (1.7836)  time: 0.4345  data: 0.0002  max mem: 20652
Epoch: [32]  [1800/3615]  eta: 0:13:05  lr: 0.000009  loss: 1.7285 (1.7840)  time: 0.4263  data: 0.0002  max mem: 20652
Epoch: [32]  [1900/3615]  eta: 0:12:22  lr: 0.000009  loss: 2.0107 (1.7859)  time: 0.4252  data: 0.0002  max mem: 20652
Epoch: [32]  [2000/3615]  eta: 0:11:38  lr: 0.000009  loss: 1.7785 (1.7868)  time: 0.4251  data: 0.0002  max mem: 20652
Epoch: [32]  [2100/3615]  eta: 0:10:55  lr: 0.000009  loss: 1.7045 (1.7870)  time: 0.4273  data: 0.0002  max mem: 20652
Epoch: [32]  [2200/3615]  eta: 0:10:12  lr: 0.000009  loss: 1.9250 (1.7855)  time: 0.4337  data: 0.0002  max mem: 20652
Epoch: [32]  [2300/3615]  eta: 0:09:28  lr: 0.000009  loss: 1.7421 (1.7843)  time: 0.4427  data: 0.0002  max mem: 20652
Epoch: [32]  [2400/3615]  eta: 0:08:45  lr: 0.000009  loss: 1.6500 (1.7844)  time: 0.4373  data: 0.0002  max mem: 20652
Epoch: [32]  [2500/3615]  eta: 0:08:02  lr: 0.000009  loss: 1.8248 (1.7837)  time: 0.4318  data: 0.0002  max mem: 20652
Epoch: [32]  [2600/3615]  eta: 0:07:19  lr: 0.000009  loss: 1.7495 (1.7841)  time: 0.4218  data: 0.0002  max mem: 20652
Epoch: [32]  [2700/3615]  eta: 0:06:35  lr: 0.000008  loss: 1.7722 (1.7834)  time: 0.4291  data: 0.0002  max mem: 20652
Epoch: [32]  [2800/3615]  eta: 0:05:52  lr: 0.000008  loss: 1.6802 (1.7832)  time: 0.4274  data: 0.0002  max mem: 20652
Epoch: [32]  [2900/3615]  eta: 0:05:09  lr: 0.000008  loss: 2.0516 (1.7828)  time: 0.4254  data: 0.0002  max mem: 20652
Epoch: [32]  [3000/3615]  eta: 0:04:25  lr: 0.000008  loss: 1.5045 (1.7822)  time: 0.4388  data: 0.0002  max mem: 20652
Epoch: [32]  [3100/3615]  eta: 0:03:42  lr: 0.000008  loss: 1.7222 (1.7825)  time: 0.4462  data: 0.0002  max mem: 20652
Epoch: [32]  [3200/3615]  eta: 0:02:59  lr: 0.000008  loss: 1.8085 (1.7833)  time: 0.4267  data: 0.0002  max mem: 20652
Epoch: [32]  [3300/3615]  eta: 0:02:16  lr: 0.000008  loss: 1.9417 (1.7829)  time: 0.4248  data: 0.0002  max mem: 20652
Epoch: [32]  [3400/3615]  eta: 0:01:32  lr: 0.000008  loss: 1.8715 (1.7828)  time: 0.4290  data: 0.0002  max mem: 20652
Epoch: [32]  [3500/3615]  eta: 0:00:49  lr: 0.000008  loss: 1.9812 (1.7833)  time: 0.4207  data: 0.0002  max mem: 20652
Epoch: [32]  [3600/3615]  eta: 0:00:06  lr: 0.000008  loss: 1.8190 (1.7837)  time: 0.4165  data: 0.0004  max mem: 20652
Epoch: [32] Total time: 0:26:03
0.9227875924216693
Test:  [   0/7237]  eta: 3:29:51    time: 1.7399  data: 1.6333  max mem: 20652
Test:  [1000/7237]  eta: 0:07:18    time: 0.0668  data: 0.0001  max mem: 20652
Test:  [2000/7237]  eta: 0:06:00    time: 0.0667  data: 0.0002  max mem: 20652
Test:  [3000/7237]  eta: 0:04:53    time: 0.0668  data: 0.0001  max mem: 20652
Test:  [4000/7237]  eta: 0:03:44    time: 0.0636  data: 0.0001  max mem: 20652
Test:  [5000/7237]  eta: 0:02:34    time: 0.0682  data: 0.0001  max mem: 20652
Test:  [6000/7237]  eta: 0:01:24    time: 0.0633  data: 0.0002  max mem: 20652
Test:  [7000/7237]  eta: 0:00:16    time: 0.0646  data: 0.0001  max mem: 20652
Test: Total time: 0:08:11
f1: 0.86925
Epoch: [33]  [   0/3615]  eta: 4:44:12  lr: 0.000008  loss: 1.8662 (1.8662)  time: 4.7172  data: 4.2281  max mem: 20652
Epoch: [33]  [ 100/3615]  eta: 0:27:34  lr: 0.000008  loss: 1.7023 (1.7890)  time: 0.4152  data: 0.0002  max mem: 20652
Epoch: [33]  [ 200/3615]  eta: 0:25:15  lr: 0.000007  loss: 1.8702 (1.7851)  time: 0.4147  data: 0.0002  max mem: 20652
Epoch: [33]  [ 300/3615]  eta: 0:24:01  lr: 0.000007  loss: 1.7085 (1.7767)  time: 0.4146  data: 0.0002  max mem: 20652
Epoch: [33]  [ 400/3615]  eta: 0:23:03  lr: 0.000007  loss: 2.1241 (1.7786)  time: 0.4164  data: 0.0002  max mem: 20652
Epoch: [33]  [ 500/3615]  eta: 0:22:20  lr: 0.000007  loss: 1.7778 (1.7814)  time: 0.4422  data: 0.0002  max mem: 20652
Epoch: [33]  [ 600/3615]  eta: 0:21:37  lr: 0.000007  loss: 1.5361 (1.7775)  time: 0.4234  data: 0.0002  max mem: 20652
Epoch: [33]  [ 700/3615]  eta: 0:20:54  lr: 0.000007  loss: 1.5970 (1.7768)  time: 0.4268  data: 0.0002  max mem: 20652
Epoch: [33]  [ 800/3615]  eta: 0:20:11  lr: 0.000007  loss: 1.8084 (1.7791)  time: 0.4210  data: 0.0002  max mem: 20652
Epoch: [33]  [ 900/3615]  eta: 0:19:30  lr: 0.000007  loss: 1.7256 (1.7802)  time: 0.4234  data: 0.0002  max mem: 20652
Epoch: [33]  [1000/3615]  eta: 0:18:47  lr: 0.000007  loss: 1.6206 (1.7804)  time: 0.4374  data: 0.0002  max mem: 20652
Epoch: [33]  [1100/3615]  eta: 0:18:04  lr: 0.000007  loss: 1.8573 (1.7783)  time: 0.4392  data: 0.0002  max mem: 20652
Epoch: [33]  [1200/3615]  eta: 0:17:21  lr: 0.000006  loss: 1.9708 (1.7778)  time: 0.4234  data: 0.0002  max mem: 20652
Epoch: [33]  [1300/3615]  eta: 0:16:38  lr: 0.000006  loss: 1.6423 (1.7764)  time: 0.4311  data: 0.0002  max mem: 20652
Epoch: [33]  [1400/3615]  eta: 0:15:56  lr: 0.000006  loss: 1.8784 (1.7754)  time: 0.4474  data: 0.0003  max mem: 20652
Epoch: [33]  [1500/3615]  eta: 0:15:12  lr: 0.000006  loss: 1.9715 (1.7767)  time: 0.4213  data: 0.0002  max mem: 20652
Epoch: [33]  [1600/3615]  eta: 0:14:30  lr: 0.000006  loss: 1.6458 (1.7766)  time: 0.4373  data: 0.0002  max mem: 20652
Epoch: [33]  [1700/3615]  eta: 0:13:46  lr: 0.000006  loss: 1.5928 (1.7752)  time: 0.4382  data: 0.0002  max mem: 20652
Epoch: [33]  [1800/3615]  eta: 0:13:03  lr: 0.000006  loss: 1.6189 (1.7752)  time: 0.4218  data: 0.0002  max mem: 20652
Epoch: [33]  [1900/3615]  eta: 0:12:20  lr: 0.000006  loss: 1.7828 (1.7753)  time: 0.4386  data: 0.0002  max mem: 20652
Epoch: [33]  [2000/3615]  eta: 0:11:37  lr: 0.000006  loss: 1.6808 (1.7745)  time: 0.4249  data: 0.0002  max mem: 20652
Epoch: [33]  [2100/3615]  eta: 0:10:54  lr: 0.000006  loss: 1.8805 (1.7743)  time: 0.4211  data: 0.0002  max mem: 20652
Epoch: [33]  [2200/3615]  eta: 0:10:11  lr: 0.000005  loss: 1.7845 (1.7739)  time: 0.4193  data: 0.0002  max mem: 20652
Epoch: [33]  [2300/3615]  eta: 0:09:28  lr: 0.000005  loss: 1.7814 (1.7743)  time: 0.4244  data: 0.0002  max mem: 20652
Epoch: [33]  [2400/3615]  eta: 0:08:44  lr: 0.000005  loss: 1.9108 (1.7743)  time: 0.4503  data: 0.0002  max mem: 20652
Epoch: [33]  [2500/3615]  eta: 0:08:01  lr: 0.000005  loss: 1.7006 (1.7740)  time: 0.4391  data: 0.0002  max mem: 20652
Epoch: [33]  [2600/3615]  eta: 0:07:18  lr: 0.000005  loss: 1.5887 (1.7739)  time: 0.4242  data: 0.0002  max mem: 20652
Epoch: [33]  [2700/3615]  eta: 0:06:35  lr: 0.000005  loss: 1.7282 (1.7745)  time: 0.4332  data: 0.0002  max mem: 20652
Epoch: [33]  [2800/3615]  eta: 0:05:52  lr: 0.000005  loss: 1.7019 (1.7745)  time: 0.4599  data: 0.0002  max mem: 20652
Epoch: [33]  [2900/3615]  eta: 0:05:09  lr: 0.000005  loss: 1.6690 (1.7749)  time: 0.4409  data: 0.0002  max mem: 20652
Epoch: [33]  [3000/3615]  eta: 0:04:26  lr: 0.000005  loss: 1.6408 (1.7750)  time: 0.4402  data: 0.0002  max mem: 20652
Epoch: [33]  [3100/3615]  eta: 0:03:42  lr: 0.000005  loss: 1.7475 (1.7745)  time: 0.4388  data: 0.0002  max mem: 20652
Epoch: [33]  [3200/3615]  eta: 0:02:59  lr: 0.000004  loss: 1.7037 (1.7741)  time: 0.4451  data: 0.0002  max mem: 20652
Epoch: [33]  [3300/3615]  eta: 0:02:16  lr: 0.000004  loss: 1.8008 (1.7744)  time: 0.4277  data: 0.0002  max mem: 20652
Epoch: [33]  [3400/3615]  eta: 0:01:33  lr: 0.000004  loss: 1.5927 (1.7743)  time: 0.4215  data: 0.0002  max mem: 20652
Epoch: [33]  [3500/3615]  eta: 0:00:49  lr: 0.000004  loss: 1.9895 (1.7754)  time: 0.4182  data: 0.0002  max mem: 20652
Epoch: [33]  [3600/3615]  eta: 0:00:06  lr: 0.000004  loss: 1.6438 (1.7758)  time: 0.4463  data: 0.0003  max mem: 20652
Epoch: [33] Total time: 0:26:06
0.9240168912846185
Test:  [   0/7237]  eta: 3:30:28    time: 1.7449  data: 1.6307  max mem: 20652
Test:  [1000/7237]  eta: 0:07:15    time: 0.0662  data: 0.0002  max mem: 20652
Test:  [2000/7237]  eta: 0:06:04    time: 0.0683  data: 0.0001  max mem: 20652
Test:  [3000/7237]  eta: 0:04:52    time: 0.0634  data: 0.0001  max mem: 20652
Test:  [4000/7237]  eta: 0:03:39    time: 0.0645  data: 0.0001  max mem: 20652
Test:  [5000/7237]  eta: 0:02:30    time: 0.0626  data: 0.0001  max mem: 20652
Test:  [6000/7237]  eta: 0:01:22    time: 0.0628  data: 0.0001  max mem: 20652
Test:  [7000/7237]  eta: 0:00:15    time: 0.0617  data: 0.0001  max mem: 20652
Test: Total time: 0:07:58
f1: 0.86983
Epoch: [34]  [   0/3615]  eta: 4:42:57  lr: 0.000004  loss: 1.6102 (1.6102)  time: 4.6965  data: 4.2286  max mem: 20652
Epoch: [34]  [ 100/3615]  eta: 0:27:51  lr: 0.000004  loss: 1.8172 (1.7691)  time: 0.4189  data: 0.0002  max mem: 20652
Epoch: [34]  [ 200/3615]  eta: 0:25:23  lr: 0.000004  loss: 1.8170 (1.7713)  time: 0.4177  data: 0.0002  max mem: 20652
Epoch: [34]  [ 300/3615]  eta: 0:24:09  lr: 0.000004  loss: 1.5484 (1.7769)  time: 0.4190  data: 0.0002  max mem: 20652
Epoch: [34]  [ 400/3615]  eta: 0:23:12  lr: 0.000004  loss: 1.6694 (1.7793)  time: 0.4173  data: 0.0002  max mem: 20652
Epoch: [34]  [ 500/3615]  eta: 0:22:27  lr: 0.000004  loss: 1.8040 (1.7774)  time: 0.4244  data: 0.0002  max mem: 20652
Epoch: [34]  [ 600/3615]  eta: 0:21:44  lr: 0.000003  loss: 1.7585 (1.7792)  time: 0.4380  data: 0.0002  max mem: 20652
Epoch: [34]  [ 700/3615]  eta: 0:21:02  lr: 0.000003  loss: 1.9405 (1.7790)  time: 0.4419  data: 0.0002  max mem: 20652
Epoch: [34]  [ 800/3615]  eta: 0:20:19  lr: 0.000003  loss: 1.7487 (1.7783)  time: 0.4242  data: 0.0002  max mem: 20652
Epoch: [34]  [ 900/3615]  eta: 0:19:37  lr: 0.000003  loss: 1.8858 (1.7761)  time: 0.4421  data: 0.0002  max mem: 20652
Epoch: [34]  [1000/3615]  eta: 0:18:54  lr: 0.000003  loss: 1.6358 (1.7758)  time: 0.4352  data: 0.0002  max mem: 20652
Epoch: [34]  [1100/3615]  eta: 0:18:10  lr: 0.000003  loss: 2.0434 (1.7749)  time: 0.4392  data: 0.0002  max mem: 20652
Epoch: [34]  [1200/3615]  eta: 0:17:26  lr: 0.000003  loss: 1.7916 (1.7756)  time: 0.4288  data: 0.0002  max mem: 20652
Epoch: [34]  [1300/3615]  eta: 0:16:42  lr: 0.000003  loss: 1.5723 (1.7755)  time: 0.4324  data: 0.0002  max mem: 20652
Epoch: [34]  [1400/3615]  eta: 0:15:59  lr: 0.000003  loss: 1.8252 (1.7748)  time: 0.4217  data: 0.0002  max mem: 20652
Epoch: [34]  [1500/3615]  eta: 0:15:16  lr: 0.000003  loss: 1.7452 (1.7749)  time: 0.4387  data: 0.0002  max mem: 20652
Epoch: [34]  [1600/3615]  eta: 0:14:33  lr: 0.000002  loss: 1.7422 (1.7756)  time: 0.4252  data: 0.0002  max mem: 20652
Epoch: [34]  [1700/3615]  eta: 0:13:49  lr: 0.000002  loss: 1.7983 (1.7757)  time: 0.4407  data: 0.0002  max mem: 20652
Epoch: [34]  [1800/3615]  eta: 0:13:07  lr: 0.000002  loss: 1.7034 (1.7750)  time: 0.4424  data: 0.0002  max mem: 20652
Epoch: [34]  [1900/3615]  eta: 0:12:23  lr: 0.000002  loss: 1.7507 (1.7742)  time: 0.4323  data: 0.0002  max mem: 20652
Epoch: [34]  [2000/3615]  eta: 0:11:40  lr: 0.000002  loss: 1.6071 (1.7733)  time: 0.4211  data: 0.0002  max mem: 20652
Epoch: [34]  [2100/3615]  eta: 0:10:56  lr: 0.000002  loss: 1.6953 (1.7734)  time: 0.4348  data: 0.0003  max mem: 20652
Epoch: [34]  [2200/3615]  eta: 0:10:13  lr: 0.000002  loss: 1.6659 (1.7727)  time: 0.4257  data: 0.0002  max mem: 20652
Epoch: [34]  [2300/3615]  eta: 0:09:30  lr: 0.000002  loss: 1.9138 (1.7723)  time: 0.4355  data: 0.0002  max mem: 20652
Epoch: [34]  [2400/3615]  eta: 0:08:46  lr: 0.000002  loss: 1.6814 (1.7723)  time: 0.4239  data: 0.0002  max mem: 20652
Epoch: [34]  [2500/3615]  eta: 0:08:03  lr: 0.000001  loss: 1.7810 (1.7712)  time: 0.4262  data: 0.0002  max mem: 20652
Epoch: [34]  [2600/3615]  eta: 0:07:20  lr: 0.000001  loss: 1.7878 (1.7707)  time: 0.4463  data: 0.0002  max mem: 20652
Epoch: [34]  [2700/3615]  eta: 0:06:36  lr: 0.000001  loss: 2.0529 (1.7706)  time: 0.4215  data: 0.0002  max mem: 20652
Epoch: [34]  [2800/3615]  eta: 0:05:53  lr: 0.000001  loss: 1.6546 (1.7711)  time: 0.4473  data: 0.0002  max mem: 20652
Epoch: [34]  [2900/3615]  eta: 0:05:10  lr: 0.000001  loss: 1.7159 (1.7706)  time: 0.4324  data: 0.0002  max mem: 20652
Epoch: [34]  [3000/3615]  eta: 0:04:26  lr: 0.000001  loss: 1.9096 (1.7701)  time: 0.4543  data: 0.0002  max mem: 20652
Epoch: [34]  [3100/3615]  eta: 0:03:43  lr: 0.000001  loss: 1.9531 (1.7701)  time: 0.4640  data: 0.0002  max mem: 20652
Epoch: [34]  [3200/3615]  eta: 0:03:00  lr: 0.000001  loss: 1.9131 (1.7697)  time: 0.4384  data: 0.0002  max mem: 20652
Epoch: [34]  [3300/3615]  eta: 0:02:16  lr: 0.000000  loss: 2.1522 (1.7690)  time: 0.4445  data: 0.0002  max mem: 20652
Epoch: [34]  [3400/3615]  eta: 0:01:33  lr: 0.000000  loss: 1.7133 (1.7694)  time: 0.4425  data: 0.0002  max mem: 20652
Epoch: [34]  [3500/3615]  eta: 0:00:49  lr: 0.000000  loss: 1.9477 (1.7691)  time: 0.4361  data: 0.0002  max mem: 20652
Epoch: [34]  [3600/3615]  eta: 0:00:06  lr: 0.000000  loss: 1.4796 (1.7694)  time: 0.4446  data: 0.0004  max mem: 20652
Epoch: [34] Total time: 0:26:08
0.9250151896949136
Test:  [   0/7237]  eta: 3:15:58    time: 1.6248  data: 1.5424  max mem: 20652
Test:  [1000/7237]  eta: 0:07:22    time: 0.0677  data: 0.0001  max mem: 20652
Test:  [2000/7237]  eta: 0:06:09    time: 0.0688  data: 0.0002  max mem: 20652
Test:  [3000/7237]  eta: 0:05:00    time: 0.0720  data: 0.0001  max mem: 20652
Test:  [4000/7237]  eta: 0:03:49    time: 0.0679  data: 0.0002  max mem: 20652
Test:  [5000/7237]  eta: 0:02:37    time: 0.0630  data: 0.0001  max mem: 20652
Test:  [6000/7237]  eta: 0:01:25    time: 0.0634  data: 0.0001  max mem: 20652
Test:  [7000/7237]  eta: 0:00:16    time: 0.0635  data: 0.0001  max mem: 20652
Test: Total time: 0:08:14
f1: 0.87209
training time 16:13:54
